fecha,demanda_MW,Entalpia,Inercia_Termica,GSP
2021-01-02,26860.36,13.8676,5.3297,29.6426
2021-01-03,27079.88,13.9104,3.9501,32.6498
2021-01-04,31693.78,14.7257,4.0435,27.333
2021-01-05,32275.89,13.7522,4.2084,27.2437
2021-01-06,27959.94,13.8944,3.9896,26.526
2021-01-07,34168.26,14.6321,3.9989,20.0083
2021-01-08,34893.28,14.5357,3.8271,18.7839
2021-01-09,30923.89,14.8264,3.8238,16.6586
2021-01-10,29404.5,13.2219,3.7917,25.592
2021-01-11,33990.43,11.5711,2.9986,34.274
2021-01-12,35237.55,13.0033,2.5609,36.7859
2021-01-13,35165.08,16.2192,3.7723,34.1503
2021-01-14,34989.33,17.7385,5.3304,30.6979
2021-01-15,34549.7,18.7541,5.9843,30.0707
2021-01-16,30762.26,17.3315,6.3956,31.5574
2021-01-17,28575.06,19.6148,6.5675,27.7303
2021-01-18,33372.72,20.166,7.5169,29.5021
2021-01-19,34053.77,20.227,7.4367,27.216
2021-01-20,34068.21,23.8277,7.7165,12.6496
2021-01-21,32835.36,27.6119,9.0352,14.8663
2021-01-22,31808.28,25.6731,10.2951,17.7515
2021-01-23,28657.1,24.8893,9.6362,14.7566
2021-01-24,26123.58,26.4026,9.4084,18.0357
2021-01-25,31046.27,27.8962,10.0963,12.3925
2021-01-26,30821.1,28.5255,10.3574,14.7534
2021-01-27,29966.81,32.6855,10.9509,12.4111
2021-01-28,29681.19,32.7266,12.3862,13.6229
2021-01-29,29047.0,31.4115,12.7061,13.9792
2021-01-30,26708.39,27.6802,11.9455,16.7882
2021-01-31,25051.53,28.1964,10.8342,14.4565
2021-02-01,29059.35,29.9703,11.0109,16.4143
2021-02-02,29718.1,29.9999,11.681,16.1782
2021-02-03,29611.21,29.0683,11.5753,16.3939
2021-02-04,29539.31,28.4263,11.3227,14.2734
2021-02-05,29517.26,27.6676,10.9415,13.5538
2021-02-06,26634.44,24.8749,10.4925,18.4817
2021-02-07,25203.37,21.1745,8.9393,24.6889
2021-02-08,30139.82,24.7428,8.0331,19.6581
2021-02-09,31644.13,25.8159,9.3403,13.5343
2021-02-10,30727.01,26.0401,9.6576,22.0226
2021-02-11,30322.12,29.598,10.2385,17.7027
2021-02-12,29734.21,28.5865,11.2183,20.175
2021-02-13,26458.51,25.1768,10.7208,26.974
2021-02-14,25161.11,24.9852,9.834,28.9109
2021-02-15,29592.51,25.324,9.8424,27.8718
2021-02-16,30009.49,25.6962,9.9879,26.6084
2021-02-17,30032.06,27.3615,10.5226,23.1973
2021-02-18,30146.66,26.3681,11.1756,24.2689
2021-02-19,29860.24,26.6864,10.7119,24.8306
2021-02-20,26716.9,27.1084,10.9078,19.8639
2021-02-21,25467.23,26.273,10.8625,13.5425
2021-02-22,29599.31,23.1669,9.8673,30.3757
2021-02-23,29952.56,24.1361,9.0914,32.5572
2021-02-24,29874.24,27.0561,9.6725,29.0816
2021-02-25,29754.82,27.1251,10.5227,22.0016
2021-02-26,29582.41,27.4959,10.6296,21.6753
2021-02-27,26495.01,25.9298,10.6994,28.7937
2021-02-28,24674.23,24.7891,10.1929,27.9791
2021-03-01,29134.81,26.9939,9.863,19.2598
2021-03-02,29921.4,28.2343,10.6601,16.6486
2021-03-03,29772.16,28.3008,11.1033,21.9922
2021-03-04,29515.81,27.3751,11.0618,25.0226
2021-03-05,29311.74,26.8162,10.6501,25.1078
2021-03-06,26129.4,25.962,10.3775,24.3445
2021-03-07,24680.46,25.4801,10.0675,22.5321
2021-03-08,29528.2,23.7472,9.6232,26.9181
2021-03-09,30280.28,21.2854,8.8347,36.9336
2021-03-10,29922.15,22.4522,8.5365,41.1765
2021-03-11,29479.81,27.702,9.9253,28.557
2021-03-12,29010.47,26.256,11.3783,34.3479
2021-03-13,25712.74,24.5094,10.4362,40.0797
2021-03-14,24135.31,24.6639,9.9618,39.6004
2021-03-15,28730.94,25.0692,10.0594,39.4885
2021-03-16,29221.78,26.0493,10.4113,38.0197
2021-03-17,29220.94,25.7614,10.7481,38.9699
2021-03-18,29541.71,21.1546,10.3171,44.1804
2021-03-19,28059.15,20.3859,8.3099,35.4658
2021-03-20,26625.86,17.6935,7.4574,53.1822
2021-03-21,25041.8,18.9921,6.9495,54.2536
2021-03-22,29270.43,22.3072,8.0427,48.9914
2021-03-23,29467.59,24.5043,9.7792,42.8086
2021-03-24,29165.8,26.8993,11.2265,35.3015
2021-03-25,28788.05,28.1289,12.0536,33.0319
2021-03-26,28506.38,28.7075,12.1785,28.3698
2021-03-27,25722.67,27.6349,12.1509,31.9763
2021-03-28,23647.21,29.3817,12.0468,29.1677
2021-03-29,27517.13,31.436,12.9066,19.9861
2021-03-30,27670.92,32.5021,13.8266,15.0572
2021-03-31,27067.86,32.0094,14.441,18.4267
2021-04-01,23976.58,32.9228,14.6146,16.141
2021-04-02,22044.97,33.7524,14.2974,20.7861
2021-04-03,22808.3,31.1768,13.6421,26.9768
2021-04-04,21778.26,28.1075,12.8326,34.3475
2021-04-05,23842.55,28.8783,12.2433,33.4572
2021-04-06,26957.99,28.1015,12.7262,31.8077
2021-04-07,28015.58,25.262,12.4298,38.8144
2021-04-08,28242.35,28.1868,11.4543,28.6094
2021-04-09,28253.07,30.665,12.1466,20.0831
2021-04-10,25268.93,32.2235,12.4468,19.8636
2021-04-11,23373.26,29.8887,12.6355,27.9465
2021-04-12,27359.5,26.0008,11.89,40.8067
2021-04-13,28529.95,28.5063,11.4381,28.3657
2021-04-14,28373.07,29.693,12.2517,23.8121
2021-04-15,28572.44,27.4142,12.271,28.2359
2021-04-16,28191.17,24.3978,11.2871,43.9624
2021-04-17,25281.72,22.8629,10.4625,51.026
2021-04-18,23376.44,25.5094,10.29,44.1811
2021-04-19,27709.42,29.3316,11.9006,27.5379
2021-04-20,28223.33,31.7716,13.2295,24.6497
2021-04-21,28229.28,31.8868,13.2277,23.1681
2021-04-22,28342.99,33.0708,13.118,21.0936
2021-04-23,27167.78,33.0828,13.6507,22.0251
2021-04-24,24596.78,34.2019,14.0679,17.4482
2021-04-25,23290.99,35.2134,14.357,13.1388
2021-04-26,27399.17,34.6973,14.4462,16.4468
2021-04-27,27954.75,34.6524,14.0061,19.0419
2021-04-28,27664.47,33.4933,13.9159,21.4595
2021-04-29,27638.57,31.4436,13.5103,24.4134
2021-04-30,27159.25,29.4515,12.9587,26.714
2021-05-01,22725.34,27.7898,12.367,37.0826
2021-05-02,21970.85,27.7703,12.0556,37.6187
2021-05-03,26310.08,30.8578,12.5685,26.4348
2021-05-04,27351.4,33.4062,13.5985,22.2606
2021-05-05,27408.85,35.0572,14.7663,17.9968
2021-05-06,27247.99,37.2161,15.551,11.4432
2021-05-07,26978.12,39.3042,16.5261,3.753
2021-05-08,24165.44,41.0452,17.6822,0.0
2021-05-09,22650.49,37.6279,17.9506,9.7894
2021-05-10,26513.91,31.8781,15.3923,24.7125
2021-05-11,27206.67,28.4833,13.5121,36.4918
2021-05-12,27287.54,31.9316,13.1418,24.0589
2021-05-13,27584.69,33.7905,14.2974,20.4153
2021-05-14,27209.01,34.0336,14.7007,21.1546
2021-05-15,24425.49,39.2722,15.5063,5.6423
2021-05-16,22828.92,41.0121,17.198,0.8188
2021-05-17,26489.35,36.4403,17.5823,11.6277
2021-05-18,27628.82,38.2144,16.4968,8.4463
2021-05-19,27796.23,36.8911,16.6995,10.6563
2021-05-20,27671.94,39.2922,16.826,2.2629
2021-05-21,27443.65,39.6492,17.6789,2.9033
2021-05-22,24483.07,34.4829,17.1485,15.4036
2021-05-23,22593.41,32.7051,15.2864,18.7992
2021-05-24,25842.2,33.858,14.5438,19.444
2021-05-25,27177.42,35.3137,15.3882,14.2861
2021-05-26,27525.68,37.605,16.2384,7.5957
2021-05-27,27618.15,40.2088,17.0032,2.2325
2021-05-28,27294.69,43.3421,17.7742,0.0
2021-05-29,24807.32,45.5456,18.7692,0.0
2021-05-30,22951.81,46.0951,19.745,0.0
2021-05-31,27158.51,47.86,20.1306,0.0
2021-06-01,27715.6,45.3899,20.1352,0.0
2021-06-02,27842.82,43.4966,18.8832,0.0
2021-06-03,27752.64,44.2633,18.7785,0.0
2021-06-04,27494.43,42.4547,18.6485,0.0
2021-06-05,24649.26,42.6649,18.1138,0.0
2021-06-06,22741.19,43.8458,18.3028,0.0
2021-06-07,27405.01,45.5306,19.5285,0.0
2021-06-08,28675.72,47.9564,20.7459,0.0
2021-06-09,29095.14,48.4033,21.6777,0.0
2021-06-10,29432.28,49.0472,21.9308,0.0
2021-06-11,29098.72,49.3548,22.104,0.0
2021-06-12,26350.04,50.246,21.7991,0.0
2021-06-13,24495.43,52.5519,22.0463,0.0
2021-06-14,29397.0,53.0734,23.0907,0.0
2021-06-15,30292.3,53.347,23.3039,0.0
2021-06-16,30011.76,52.3974,23.0566,0.0
2021-06-17,28978.35,47.9258,21.7868,0.0
2021-06-18,28440.72,46.5686,19.6816,0.0
2021-06-19,25553.56,44.739,19.5575,0.0
2021-06-20,23327.88,42.923,19.1662,0.0
2021-06-21,27500.0,42.4452,18.7226,0.0
2021-06-22,28148.23,42.0164,18.6482,0.0
2021-06-23,27674.03,41.1479,18.4773,0.0
2021-06-24,26433.14,43.77,18.6525,0.0
2021-06-25,27501.1,46.6645,19.9779,0.0
2021-06-26,25672.28,48.2958,21.2033,0.0
2021-06-27,23865.82,45.1433,21.4542,0.0
2021-06-28,27886.07,42.5226,20.4403,0.0
2021-06-29,28890.82,43.5461,19.9813,0.0
2021-06-30,29577.1,46.6645,20.4048,0.0
2021-07-01,29627.37,49.0067,21.3587,0.0
2021-07-02,29775.26,50.2361,22.2689,0.0
2021-07-03,27236.41,51.0517,22.9962,0.0
2021-07-04,25571.69,50.7045,22.8888,0.0
2021-07-05,30132.36,52.542,23.0337,0.0
2021-07-06,30430.09,47.9875,23.2747,0.0
2021-07-07,29437.67,44.4431,21.3657,0.0
2021-07-08,29162.08,45.0699,20.4685,0.0
2021-07-09,29640.56,49.4464,21.13,0.0
2021-07-10,27551.08,52.7411,22.9033,0.0
2021-07-11,26040.85,54.6139,24.32,0.0
2021-07-12,29987.58,46.4186,24.3477,0.0
2021-07-13,29364.25,41.6066,21.3564,0.0
2021-07-14,29329.1,44.4014,19.9197,0.0
2021-07-15,29606.33,47.701,21.0027,0.0
2021-07-16,29996.67,50.9739,22.1601,0.0
2021-07-17,27820.22,53.4203,23.482,0.0
2021-07-18,25909.08,53.8269,24.4074,0.0
2021-07-19,30525.0,54.0228,24.5095,0.0
2021-07-20,31212.35,54.1172,24.5749,0.0
2021-07-21,31617.6,55.5864,24.744,0.0
2021-07-22,32036.92,55.4232,25.4367,0.0
2021-07-23,31650.88,52.218,25.6699,0.0
2021-07-24,28095.56,49.5601,24.3876,0.0
2021-07-25,25553.09,49.8692,23.2711,0.0
2021-07-26,29355.08,50.7408,22.6495,0.0
2021-07-27,30222.35,51.7793,22.5094,0.0
2021-07-28,30635.37,52.8369,23.3955,0.0
2021-07-29,31117.1,54.021,23.7809,0.0
2021-07-30,30763.89,51.8118,24.1461,0.0
2021-07-31,26976.17,45.6421,23.2495,0.0
2021-08-01,23963.5,42.7355,20.8351,0.0
2021-08-02,27289.54,46.9821,20.4833,0.0
2021-08-03,28225.9,50.2446,21.8089,0.0
2021-08-04,28665.69,50.9628,22.8087,0.0
2021-08-05,29058.42,50.5149,23.2614,0.0
2021-08-06,28837.05,50.0638,23.8392,0.0
2021-08-07,26566.92,47.4629,23.2839,0.0
2021-08-08,24198.7,46.4828,22.1532,0.0
2021-08-09,27136.9,51.3153,22.1366,0.0
2021-08-10,28087.03,54.3341,23.7513,0.0
2021-08-11,29124.33,57.9298,25.1291,0.0
2021-08-12,29942.62,58.8732,26.207,0.0
2021-08-13,30185.15,59.6298,26.7968,0.0
2021-08-14,29056.58,59.4067,27.4621,0.0
2021-08-15,27310.1,57.1985,27.6532,0.0
2021-08-16,28807.46,51.989,26.4872,0.0
2021-08-17,28687.08,49.2214,24.3686,0.0
2021-08-18,28533.76,49.5896,22.8771,0.0
2021-08-19,28424.01,50.8128,22.7896,0.0
2021-08-20,28511.35,52.515,23.2358,0.0
2021-08-21,26761.22,53.2102,24.1192,0.0
2021-08-22,25173.74,54.8719,24.4275,0.0
2021-08-23,29048.42,54.6842,24.6657,0.0
2021-08-24,29521.26,53.4407,24.4341,0.0
2021-08-25,29183.52,54.2348,23.4983,0.0
2021-08-26,29578.17,55.2891,23.4549,0.0
2021-08-27,29711.41,52.8846,24.188,0.0
2021-08-28,26721.1,49.8949,24.0666,0.0
2021-08-29,24530.24,48.7463,23.0135,0.0
2021-08-30,28466.69,49.2988,22.4561,0.0
2021-08-31,29522.9,51.9109,22.4503,0.0
2021-09-01,29248.57,53.2016,22.9689,0.0
2021-09-02,28939.84,51.6259,22.2808,0.0
2021-09-03,28897.9,51.3395,21.8108,0.0
2021-09-04,26023.01,51.2265,22.3283,0.0
2021-09-05,24563.55,53.532,23.1587,0.0
2021-09-06,29658.26,55.4594,24.1513,0.0
2021-09-07,30440.78,54.7908,24.3827,0.0
2021-09-08,29792.74,52.6854,23.7775,0.0
2021-09-09,29902.25,51.337,22.3755,0.0
2021-09-10,29302.51,49.755,21.7643,0.0
2021-09-11,26148.49,49.1015,21.7211,0.0
2021-09-12,24556.51,50.6421,22.2663,0.0
2021-09-13,28781.12,52.1324,23.1327,0.0
2021-09-14,29421.95,52.3586,22.2985,0.0
2021-09-15,29140.21,50.1714,21.0324,0.0
2021-09-16,28345.48,48.5091,20.6858,0.0
2021-09-17,28053.49,47.7313,20.5821,0.0
2021-09-18,24955.26,45.0672,20.5513,0.0
2021-09-19,22913.72,42.3583,19.6178,0.0
2021-09-20,26965.38,42.7381,19.1573,0.0
2021-09-21,27137.49,41.479,18.6894,0.5767
2021-09-22,27436.85,43.922,17.995,0.0
2021-09-23,27484.32,47.9179,18.7276,0.0
2021-09-24,27341.76,49.7523,19.7594,0.0
2021-09-25,24723.58,47.9614,19.9802,0.0
2021-09-26,22751.78,45.1005,19.6091,0.0
2021-09-27,27014.87,44.2685,19.576,0.0
2021-09-28,27934.63,43.1024,19.6129,0.0
2021-09-29,27955.74,41.919,18.9578,0.0
2021-09-30,27710.95,42.6764,18.591,0.0
2021-10-01,27489.08,42.78,18.9469,0.0
2021-10-02,24487.12,44.7062,19.2558,0.0
2021-10-03,22718.68,40.5096,19.1627,2.2514
2021-10-04,25900.53,33.3877,16.9558,11.1307
2021-10-05,26856.39,37.6633,15.6543,4.807
2021-10-06,27500.73,39.2816,16.9742,1.5888
2021-10-07,27196.64,38.7344,17.7267,0.0413
2021-10-08,27002.76,38.577,17.9727,0.4845
2021-10-09,24121.96,39.023,17.7988,2.5949
2021-10-10,22151.39,39.0861,17.3409,3.8456
2021-10-11,24123.61,37.9891,17.0929,3.8933
2021-10-12,22617.9,36.5938,17.0431,4.969
2021-10-13,26377.88,34.522,16.6908,8.5526
2021-10-14,26708.42,35.2862,16.1733,6.7287
2021-10-15,27044.82,36.343,16.5909,3.8446
2021-10-16,24324.07,36.8719,17.0632,3.1348
2021-10-17,22658.87,40.9026,17.1797,1.2262
2021-10-18,26772.08,43.6173,17.7518,0.0
2021-10-19,27454.01,44.1278,18.5042,0.0
2021-10-20,27429.06,42.5897,18.8828,0.0
2021-10-21,27259.81,38.0845,18.2053,4.712
2021-10-22,26903.67,34.6981,16.3035,10.1034
2021-10-23,24151.74,32.6003,14.8463,12.9578
2021-10-24,22484.94,32.2494,14.7276,11.1623
2021-10-25,26569.26,32.5665,15.1475,10.652
2021-10-26,27426.15,34.0932,15.0064,10.3137
2021-10-27,27362.73,34.2049,15.0469,9.8135
2021-10-28,27358.06,33.991,15.2687,9.4341
2021-10-29,27512.24,37.3515,15.237,5.214
2021-10-30,24869.03,44.136,15.8156,1.1052
2021-10-31,22663.17,46.0382,17.5199,0.0737
2021-11-01,22760.47,38.3271,17.5141,6.4006
2021-11-02,26683.81,33.12,15.2719,10.3042
2021-11-03,27774.28,27.7491,13.1022,17.4365
2021-11-04,28082.97,24.4317,11.0734,22.8833
2021-11-05,28354.48,23.3943,9.9133,24.1683
2021-11-06,25904.36,22.352,9.5146,26.0618
2021-11-07,24435.01,23.4109,9.4029,24.5295
2021-11-08,28419.13,28.0668,10.2819,19.2343
2021-11-09,28883.56,26.2118,11.6429,20.8543
2021-11-10,29330.71,26.3058,11.1759,18.8855
2021-11-11,29391.84,27.4638,11.3474,18.1947
2021-11-12,29134.66,29.3952,11.8643,14.8577
2021-11-13,25854.44,29.9398,12.3124,14.6156
2021-11-14,24216.68,28.5963,12.2724,16.978
2021-11-15,28622.1,26.6232,11.6824,18.0632
2021-11-16,29650.25,25.36,10.8029,19.0681
2021-11-17,29678.08,25.2117,10.3737,19.7772
2021-11-18,29951.35,26.0529,10.1761,19.7879
2021-11-19,29891.92,27.7735,10.5981,16.8394
2021-11-20,26950.65,29.9054,11.339,9.8392
2021-11-21,24835.41,29.1557,11.6464,12.8599
2021-11-22,29546.29,25.3439,11.0513,13.9582
2021-11-23,30622.85,22.5171,9.369,16.06
2021-11-24,31201.96,21.6354,8.321,17.3447
2021-11-25,31169.41,22.0596,7.9464,17.4901
2021-11-26,30987.03,20.4497,7.9387,21.62
2021-11-27,28253.4,19.6218,7.4639,21.9472
2021-11-28,26963.81,18.3127,7.0574,24.4655
2021-11-29,30966.44,24.1034,7.0223,18.2002
2021-11-30,31460.26,23.3104,9.0103,22.8508
2021-12-01,31636.58,23.6694,8.8964,18.1225
2021-12-02,31690.1,21.2438,8.7502,19.5708
2021-12-03,31342.53,21.3957,8.0449,22.8378
2021-12-04,28129.57,25.079,8.406,17.9083
2021-12-05,26055.85,22.8922,9.3175,19.4195
2021-12-06,26390.85,24.0278,8.7859,18.7492
2021-12-07,28047.5,27.8217,9.4743,12.3065
2021-12-08,26878.37,22.7063,10.2359,16.8422
2021-12-09,30947.7,24.2375,8.6889,14.8632
2021-12-10,30769.2,28.6288,9.451,9.859
2021-12-11,27590.24,27.9387,10.9573,15.5505
2021-12-12,25650.36,27.0553,10.672,18.2052
2021-12-13,30198.64,25.088,10.3816,19.0595
2021-12-14,31084.68,23.7173,9.9616,19.042
2021-12-15,31175.64,22.9289,9.7227,18.4499
2021-12-16,31310.76,23.366,9.5239,18.3999
2021-12-17,31037.07,22.4817,9.2354,19.0315
2021-12-18,28002.65,22.6132,8.7372,18.9931
2021-12-19,26072.42,23.4652,8.6681,18.9968
2021-12-20,30671.48,24.8015,9.0225,15.6257
2021-12-21,30712.56,28.9908,9.7929,11.6022
2021-12-22,30142.18,29.6865,11.1706,11.1036
2021-12-23,28829.79,29.8771,11.1999,9.2455
2021-12-24,24901.55,30.1154,11.1538,8.8115
2021-12-25,21445.4,29.5487,11.1421,9.6651
2021-12-26,22722.63,30.8105,11.1767,8.4639
2021-12-27,25601.72,33.0158,11.8354,9.7796
2021-12-28,25897.01,32.5357,12.7993,9.9833
2021-12-29,25645.28,30.7324,12.5095,12.7874
2021-12-30,25621.1,28.1929,12.0603,14.5906
2021-12-31,23904.51,27.0313,12.0349,13.6333
2022-01-01,20888.99,26.7963,12.18,12.9546
2022-01-02,22645.83,27.3993,12.0399,13.3434
2022-01-03,27266.99,28.3133,11.7504,14.1798
2022-01-04,28216.56,27.1605,11.4086,13.4429
2022-01-05,28089.09,20.6158,9.9945,19.8639
2022-01-06,24190.26,17.4849,7.3105,27.9544
2022-01-07,27681.92,18.7813,6.4131,26.9647
2022-01-08,26911.27,19.9385,7.0209,24.1683
2022-01-09,25639.13,25.1413,7.86,16.4751
2022-01-10,29759.76,28.9263,9.7805,14.199
2022-01-11,30290.79,24.1208,10.5394,19.7578
2022-01-12,30561.96,18.7276,8.7392,29.6476
2022-01-13,31102.02,17.3985,6.9209,31.1431
2022-01-14,31440.22,17.5715,6.3376,30.8148
2022-01-15,28193.07,17.1238,6.577,31.4848
2022-01-16,26534.98,16.9976,6.534,31.5776
2022-01-17,31145.57,17.2502,6.4895,32.1567
2022-01-18,32124.47,17.7073,6.6997,30.6556
2022-01-19,32249.47,18.2999,7.1113,29.3402
2022-01-20,32178.69,19.3497,7.079,27.638
2022-01-21,31950.5,16.785,6.6923,33.6011
2022-01-22,28817.6,17.2089,5.7475,34.2217
2022-01-23,27067.13,18.8025,6.0831,29.5516
2022-01-24,31922.68,19.9952,6.8356,27.3825
2022-01-25,31931.56,20.5774,7.3679,27.9112
2022-01-26,31814.41,20.6679,7.7357,26.8737
2022-01-27,31487.0,19.8033,7.921,28.3067
2022-01-28,31084.24,18.5749,7.7916,31.6461
2022-01-29,27757.52,19.0622,7.5514,30.1828
2022-01-30,25732.41,19.7385,8.4778,26.8582
2022-01-31,30094.25,21.3134,8.979,27.9294
2022-02-01,30557.74,21.9199,8.8131,30.0456
2022-02-02,30335.48,24.9081,9.0171,25.466
2022-02-03,30155.85,24.9215,10.6373,21.0288
2022-02-04,29902.74,25.0883,10.8637,18.4261
2022-02-05,26827.24,23.532,9.9781,24.3327
2022-02-06,25178.31,21.6845,9.0077,28.6051
2022-02-07,29335.71,23.9623,8.5946,29.0609
2022-02-08,29873.67,23.8122,9.482,30.6514
2022-02-09,29931.35,24.1505,9.652,28.946
2022-02-10,30143.74,24.3917,9.9792,26.0298
2022-02-11,29725.31,24.3726,10.0537,23.8481
2022-02-12,26840.85,24.4106,9.8509,24.4612
2022-02-13,24895.41,25.2094,9.67,22.4925
2022-02-14,29198.28,23.4005,9.6895,29.1165
2022-02-15,29965.78,21.1677,8.9989,34.899
2022-02-16,29898.03,25.8177,8.8844,24.572
2022-02-17,29542.36,29.1392,10.5998,22.8495
2022-02-18,29026.62,27.9319,11.8257,22.5178
2022-02-19,26629.68,23.7518,11.2007,26.0628
2022-02-20,24776.53,23.6946,9.444,31.2549
2022-02-21,28744.9,24.6164,9.636,31.4567
2022-02-22,29073.48,23.7549,10.4603,32.2614
2022-02-23,29071.35,24.263,10.8496,25.807
2022-02-24,29158.76,25.5068,11.0157,21.3969
2022-02-25,29228.04,24.4766,10.6907,24.0016
2022-02-26,26627.81,24.4061,9.7241,22.8024
2022-02-27,24582.87,25.83,9.8472,22.4715
2022-02-28,27724.58,25.6852,10.4974,29.6507
2022-03-01,28711.88,25.8773,10.8397,28.9552
2022-03-02,29039.93,26.068,10.962,27.8157
2022-03-03,29348.68,25.6181,10.6257,23.4523
2022-03-04,29198.87,22.6469,9.8497,30.0484
2022-03-05,25848.1,20.892,8.7665,33.7094
2022-03-06,24289.8,20.2496,8.24,34.0085
2022-03-07,28985.87,21.3215,7.9077,31.7155
2022-03-08,29037.14,23.5492,8.4832,29.2186
2022-03-09,28701.17,24.9544,9.391,31.606
2022-03-10,28496.27,26.3915,10.1848,28.7446
2022-03-11,28730.22,26.6692,10.6417,20.5012
2022-03-12,25281.91,25.001,10.2488,32.7766
2022-03-13,23412.42,25.3866,9.9984,31.3464
2022-03-14,28706.85,26.7297,10.3611,15.0511
2022-03-15,28725.3,30.3443,10.9618,12.1268
2022-03-16,28749.47,29.2788,12.5538,7.9423
2022-03-17,28360.76,27.3345,11.4995,15.59
2022-03-18,27753.48,26.6413,10.7512,21.9344
2022-03-19,24526.75,27.5437,10.6501,24.3064
2022-03-20,23262.81,28.4063,11.0928,23.4252
2022-03-21,27375.75,29.2844,11.4103,20.6561
2022-03-22,28021.37,28.3008,11.4148,22.1444
2022-03-23,28249.94,27.2705,11.1267,21.8801
2022-03-24,28529.46,27.9981,10.935,19.5989
2022-03-25,27993.09,28.7066,11.2642,16.5618
2022-03-26,25064.04,27.9065,11.4161,23.6325
2022-03-27,22907.77,29.0359,11.3448,27.4541
2022-03-28,26767.29,29.3902,11.975,22.0915
2022-03-29,27517.5,30.3989,12.2633,18.8292
2022-03-30,27828.22,28.5797,11.9387,24.1887
2022-03-31,27783.76,25.5795,11.0158,33.2888
2022-04-01,27957.86,19.4255,9.7457,54.414
2022-04-02,25294.65,16.9393,7.7641,65.1378
2022-04-03,23972.42,16.6467,6.8963,60.2998
2022-04-04,29270.06,18.4318,6.712,43.8817
2022-04-05,30269.85,20.8077,7.3911,39.3247
2022-04-06,29380.08,24.3323,8.5437,42.2448
2022-04-07,28290.63,28.9145,10.4196,33.1241
2022-04-08,27768.62,29.6693,12.2465,28.0002
2022-04-09,24478.72,30.3058,12.5211,30.2778
2022-04-10,22501.7,32.3103,12.9513,25.1328
2022-04-11,26231.5,32.8162,13.8213,19.4582
2022-04-12,27026.71,30.7029,13.5839,22.6653
2022-04-13,26680.9,30.8138,12.3363,25.7911
2022-04-14,22772.43,32.7051,12.6181,22.827
2022-04-15,20870.6,34.6055,13.9997,16.7752
2022-04-16,21440.77,35.9015,15.2849,12.9534
2022-04-17,20419.99,35.4869,15.9963,13.9867
2022-04-18,22414.22,35.0089,15.6841,16.7375
2022-04-19,25507.29,30.7673,14.6531,24.4208
2022-04-20,27152.6,25.4411,12.2461,32.7406
2022-04-21,27249.29,26.6213,10.5782,36.2776
2022-04-22,27308.8,28.4682,11.3705,25.8267
2022-04-23,24299.53,26.5903,11.3404,33.1409
2022-04-24,22235.65,29.0843,11.0539,35.3722
2022-04-25,25795.22,31.3661,12.5745,29.2819
2022-04-26,26712.43,33.3555,13.9104,19.1417
2022-04-27,27207.3,33.3131,14.3067,18.1064
2022-04-28,27098.53,32.8165,13.6534,20.9199
2022-04-29,26435.82,35.1287,13.6697,19.4445
2022-04-30,23146.44,36.2722,15.1,13.7559
2022-05-01,20651.78,36.288,15.8931,13.1829
2022-05-02,23911.49,34.0122,15.6475,20.5934
2022-05-03,26492.76,33.3939,14.0912,21.2385
2022-05-04,26828.18,33.6206,13.7382,19.3004
2022-05-05,26521.47,34.1549,14.0879,21.5086
2022-05-06,25936.4,34.444,14.9257,19.5804
2022-05-07,23219.39,36.0158,15.5537,13.2699
2022-05-08,21466.78,37.6923,16.4039,6.7216
2022-05-09,25714.8,39.754,17.3434,0.0
2022-05-10,26657.74,40.5778,18.3735,0.0
2022-05-11,26845.19,41.0729,18.738,0.0
2022-05-12,26825.45,40.76,18.7217,0.0
2022-05-13,26835.4,43.7923,18.4739,0.0
2022-05-14,23957.88,44.9264,19.4325,0.0
2022-05-15,22063.49,43.1863,19.5728,0.0
2022-05-16,25890.0,43.1347,19.0468,0.0
2022-05-17,27044.96,46.1036,19.5831,0.0
2022-05-18,27677.83,48.4633,20.7925,0.0
2022-05-19,28108.78,47.6758,21.4802,0.0
2022-05-20,28051.93,47.4657,21.6663,0.0
2022-05-21,25310.84,48.7545,21.9366,0.0
2022-05-22,23012.56,47.3467,22.0399,0.0
2022-05-23,27047.6,42.9916,20.7623,0.0
2022-05-24,27122.7,36.7624,18.6711,8.5006
2022-05-25,26412.71,34.6679,16.4616,13.3393
2022-05-26,26615.07,38.31,16.4131,2.0112
2022-05-27,26856.23,42.0132,18.1359,0.0
2022-05-28,24586.06,44.3654,19.9757,0.0
2022-05-29,22658.83,43.2283,20.8042,0.0
2022-05-30,26476.38,41.2982,19.9517,0.0
2022-05-31,27584.27,43.8755,19.1002,0.0
2022-06-01,27704.36,46.169,20.4193,0.0
2022-06-02,27955.84,45.5328,20.6629,0.0
2022-06-03,27889.75,45.6103,20.3765,0.0
2022-06-04,24715.58,44.9159,20.3418,0.0
2022-06-05,22903.02,44.5497,19.9972,0.0
2022-06-06,26232.25,45.5929,20.5685,0.0
2022-06-07,28189.84,47.7235,21.4534,0.0
2022-06-08,28540.02,48.9523,21.9406,0.0
2022-06-09,28751.16,48.9939,21.7975,0.0
2022-06-10,28925.94,50.0813,22.3887,0.0
2022-06-11,26500.17,51.4958,23.4495,0.0
2022-06-12,24614.6,51.4418,24.2424,0.0
2022-06-13,29624.26,52.8602,24.6498,0.0
2022-06-14,31546.95,55.8244,25.3703,0.0
2022-06-15,32327.67,56.5424,26.3456,0.0
2022-06-16,32096.19,57.1401,26.4056,0.0
2022-06-17,31948.75,56.8766,26.2622,0.0
2022-06-18,28290.7,54.5363,26.7107,0.0
2022-06-19,24711.67,49.3418,25.4339,0.0
2022-06-20,29285.29,47.4058,22.519,0.0
2022-06-21,29673.42,45.8176,21.5963,0.0
2022-06-22,28792.73,44.9757,21.0735,0.0
2022-06-23,27767.2,44.9218,20.2999,0.0
2022-06-24,25576.73,44.1716,20.2971,0.0
2022-06-25,24605.17,43.1024,20.3851,0.0
2022-06-26,22927.45,41.3159,20.1358,0.0
2022-06-27,26783.25,41.1832,19.6568,0.0
2022-06-28,28018.62,43.7815,19.8939,0.0
2022-06-29,28349.57,45.8971,21.3182,0.0
2022-06-30,28154.61,43.6225,21.4094,0.0
2022-07-01,27835.57,46.0413,20.8104,0.0
2022-07-02,25900.85,52.7556,22.3055,0.0
2022-07-03,24137.25,53.6114,23.9529,0.0
2022-07-04,28402.0,52.0128,23.7901,0.0
2022-07-05,29766.34,53.4015,23.7204,0.0
2022-07-06,29550.35,51.8248,23.9165,0.0
2022-07-07,29148.8,50.5572,23.0606,0.0
2022-07-08,29481.04,51.3469,23.4257,0.0
2022-07-09,26897.05,52.2868,24.3914,0.0
2022-07-10,25489.3,53.7463,25.4316,0.0
2022-07-11,30687.9,55.4559,26.2116,0.0
2022-07-12,31905.6,56.3688,26.8795,0.0
2022-07-13,32582.94,56.2949,27.421,0.0
2022-07-14,32744.72,56.3436,27.9648,0.0
2022-07-15,32478.39,56.403,28.1546,0.0
2022-07-16,29305.37,56.9132,27.9598,0.0
2022-07-17,27182.17,57.6568,28.2779,0.0
2022-07-18,32112.6,57.8582,28.3736,0.0
2022-07-19,31964.49,55.0073,27.4077,0.0
2022-07-20,31976.02,54.8744,25.8803,0.0
2022-07-21,32378.46,57.2714,25.9336,0.0
2022-07-22,32332.39,56.0861,26.5389,0.0
2022-07-23,28455.3,54.8771,26.3713,0.0
2022-07-24,26727.1,56.2294,26.8309,0.0
2022-07-25,30408.32,55.5529,27.566,0.0
2022-07-26,31823.46,53.5071,26.6518,0.0
2022-07-27,31241.27,51.9508,25.3881,0.0
2022-07-28,31257.35,52.991,24.8259,0.0
2022-07-29,30891.12,56.2517,25.1327,0.0
2022-07-30,27496.39,58.647,25.6577,0.0
2022-07-31,25918.22,59.5551,26.2377,0.0
2022-08-01,30296.47,59.1941,26.8562,0.0
2022-08-02,31111.54,58.8981,27.2621,0.0
2022-08-03,30853.73,58.5097,27.7548,0.0
2022-08-04,30371.55,57.6223,27.3354,0.0
2022-08-05,29556.02,56.8168,26.6585,0.0
2022-08-06,26725.24,56.4968,26.1389,0.0
2022-08-07,24866.88,55.5668,26.2414,0.0
2022-08-08,27984.81,55.7213,26.3294,0.0
2022-08-09,28521.05,57.5751,26.5916,0.0
2022-08-10,29218.47,59.3541,27.0527,0.0
2022-08-11,29304.29,59.0439,27.3186,0.0
2022-08-12,29259.79,59.6239,27.3392,0.0
2022-08-13,27090.75,57.5055,27.4596,0.0
2022-08-14,24320.13,52.3041,26.5568,0.0
2022-08-15,23869.15,49.2892,24.7357,0.0
2022-08-16,26356.89,49.0128,23.7102,0.0
2022-08-17,26233.08,47.6544,22.9545,0.0
2022-08-18,25765.09,46.2477,22.0863,0.0
2022-08-19,25879.92,48.4737,22.134,0.0
2022-08-20,24775.49,51.2957,23.6276,0.0
2022-08-21,23664.11,51.9638,24.8999,0.0
2022-08-22,27542.75,54.2286,25.1034,0.0
2022-08-23,28724.01,57.005,25.1545,0.0
2022-08-24,29170.09,58.075,25.6399,0.0
2022-08-25,28900.93,56.5537,25.7238,0.0
2022-08-26,28222.5,55.1409,24.7187,0.0
2022-08-27,25685.88,54.8289,24.3567,0.0
2022-08-28,24083.3,56.3096,24.7591,0.0
2022-08-29,28536.69,57.1549,25.6625,0.0
2022-08-30,29485.57,55.2813,25.4117,0.0
2022-08-31,29027.18,52.3364,24.8639,0.0
2022-09-01,28623.73,51.4436,23.9422,0.0
2022-09-02,28621.38,50.397,23.7997,0.0
2022-09-03,24905.23,47.7689,23.0688,0.0
2022-09-04,23005.73,47.2221,22.507,0.0
2022-09-05,27739.76,49.1689,22.6661,0.0
2022-09-06,28309.44,49.2599,22.9159,0.0
2022-09-07,28524.85,45.9212,22.7018,0.0
2022-09-08,27959.35,48.071,22.1713,0.0
2022-09-09,28259.25,50.6087,22.656,0.0
2022-09-10,25473.35,52.7547,23.3612,0.0
2022-09-11,24026.3,54.2901,24.5801,0.0
2022-09-12,29080.47,55.9708,25.2339,0.0
2022-09-13,29212.94,55.0575,24.4905,0.0
2022-09-14,28124.88,51.3855,22.7,0.0
2022-09-15,27918.07,50.3475,21.7682,0.0
2022-09-16,27759.64,48.5035,21.4973,0.0
2022-09-17,24181.6,45.3151,21.3012,0.0
2022-09-18,22362.08,47.2694,21.05,0.0
2022-09-19,26913.03,47.8515,21.6416,0.0
2022-09-20,27643.36,46.253,21.5739,0.0
2022-09-21,27420.62,45.6164,21.2906,0.0
2022-09-22,27381.55,45.1765,20.7471,0.0
2022-09-23,27122.46,44.934,20.6908,0.0
2022-09-24,23506.41,42.9394,20.2684,0.0
2022-09-25,21315.51,39.072,18.9237,2.0619
2022-09-26,25086.94,38.2897,17.4584,3.392
2022-09-27,25962.76,38.4398,17.3173,1.7942
2022-09-28,26066.44,39.9972,17.6839,0.4617
2022-09-29,26044.24,37.9262,17.5644,6.4759
2022-09-30,25372.7,34.7673,16.1224,10.8638
2022-10-01,22684.77,37.2334,16.1216,0.9249
2022-10-02,21155.94,40.8548,18.1329,0.0
2022-10-03,25520.74,44.3686,19.6266,0.0
2022-10-04,26370.6,43.7481,20.5074,0.0
2022-10-05,26346.42,43.9339,20.3929,0.0
2022-10-06,26651.72,45.2379,19.8658,0.0
2022-10-07,26269.11,45.3893,19.2857,0.0
2022-10-08,23116.53,44.5262,19.3017,0.0
2022-10-09,21226.47,44.5743,19.2236,0.0
2022-10-10,25486.88,43.8533,19.0716,0.0
2022-10-11,25846.76,44.3349,18.4458,0.0
2022-10-12,21968.89,43.648,18.2966,0.0
2022-10-13,25299.98,42.813,18.4892,0.0
2022-10-14,25745.73,43.6404,19.0193,0.0
2022-10-15,22449.81,42.3565,19.6534,0.0
2022-10-16,21151.62,43.6153,19.5788,0.0
2022-10-17,25507.26,46.7596,19.6631,0.0
2022-10-18,26376.75,47.5042,20.1526,0.0
2022-10-19,26985.01,48.1003,20.3342,0.0
2022-10-20,27101.07,46.0614,19.7946,0.0
2022-10-21,26519.93,44.1658,18.6086,0.0
2022-10-22,22955.71,44.3269,18.2266,0.0
2022-10-23,21573.12,42.6263,18.5973,0.0
2022-10-24,25468.57,40.6653,18.4005,0.2668
2022-10-25,26223.31,41.3708,18.0809,0.0
2022-10-26,26433.82,43.1856,18.8601,0.0
2022-10-27,26210.67,43.1495,19.3564,0.0
2022-10-28,25752.02,42.5128,19.5107,0.0
2022-10-29,22519.73,40.4759,18.8662,0.0
2022-10-30,20773.99,39.9627,17.8392,2.7077
2022-10-31,23139.66,41.1297,16.9631,2.1736
2022-11-01,21168.75,39.2762,16.8282,4.3788
2022-11-02,25039.84,37.8267,16.5166,5.5725
2022-11-03,25917.33,36.802,16.0885,5.1675
2022-11-04,25798.41,32.247,15.2864,12.2239
2022-11-05,22495.7,28.7168,13.8354,15.6161
2022-11-06,20911.92,30.7465,13.7491,11.8114
2022-11-07,25208.16,33.951,14.5321,9.1
2022-11-08,26436.45,37.5037,15.2158,4.8926
2022-11-09,26134.89,36.9412,15.651,6.7211
2022-11-10,26197.1,33.318,14.8066,12.2441
2022-11-11,26379.81,35.3477,14.1202,9.1984
2022-11-12,23276.33,38.2719,14.8191,5.7778
2022-11-13,21374.79,36.4007,15.7348,8.2859
2022-11-14,25907.43,36.2796,15.0591,7.2032
2022-11-15,26794.42,38.0267,14.6941,4.9025
2022-11-16,27068.87,37.5722,15.2051,4.2876
2022-11-17,27054.55,38.4535,15.0871,5.5368
2022-11-18,26816.73,29.9559,14.7325,10.3777
2022-11-19,23979.32,25.0351,11.6585,17.9054
2022-11-20,22237.57,28.88,10.4405,14.6213
2022-11-21,27321.67,32.0766,11.8573,7.8382
2022-11-22,28418.44,28.8261,12.5105,9.6504
2022-11-23,27916.61,35.5456,12.0481,7.9529
2022-11-24,27778.32,33.8779,13.981,8.4063
2022-11-25,27062.73,29.7648,13.0264,14.208
2022-11-26,24316.3,24.7174,11.8689,18.0463
2022-11-27,23022.41,25.5128,11.1398,15.0741
2022-11-28,27424.81,25.4905,11.1841,19.131
2022-11-29,28375.3,24.1278,10.2389,19.5556
2022-11-30,28844.61,23.2032,9.8133,18.4088
2022-12-01,29045.35,22.6916,9.3835,16.7395
2022-12-02,29062.98,21.0918,8.734,18.9541
2022-12-03,26143.32,21.261,7.9163,18.5071
2022-12-04,24386.97,23.4347,8.0612,18.2563
2022-12-05,28055.12,26.9927,9.1895,11.6482
2022-12-06,25618.39,30.1141,10.5139,10.223
2022-12-07,27563.68,28.585,11.4834,11.4473
2022-12-08,25086.29,30.426,11.1507,6.7242
2022-12-09,26569.82,31.0442,11.5021,7.5117
2022-12-10,24658.41,24.4238,11.24,16.3235
2022-12-11,24142.57,26.4131,9.585,10.1217
2022-12-12,28894.22,32.9833,10.4994,6.5616
2022-12-13,29226.11,37.8481,12.8587,3.8725
2022-12-14,28671.55,35.4534,14.1433,6.488
2022-12-15,28288.39,29.8535,13.0717,10.265
2022-12-16,28376.38,27.0962,11.1165,13.1623
2022-12-17,24967.26,26.0483,10.1357,15.3634
2022-12-18,23610.3,26.6384,9.8908,16.8175
2022-12-19,28310.8,28.0336,10.3059,13.3689
2022-12-20,28913.38,31.022,11.114,9.3718
2022-12-21,28219.01,32.4021,12.0466,9.7994
2022-12-22,27511.86,33.3212,12.5282,8.8603
2022-12-23,26100.67,32.2381,12.8673,9.482
2022-12-24,22030.6,30.5003,12.7385,11.9936
2022-12-25,19315.65,30.967,12.4446,11.2403
2022-12-26,21110.79,29.419,12.4628,12.699
2022-12-27,23990.04,28.141,12.0069,15.0665
2022-12-28,24755.09,26.7613,11.3374,15.4394
2022-12-29,25156.42,28.5506,10.9532,11.1696
2022-12-30,24551.15,31.2163,11.4359,9.9393
2022-12-31,21926.68,27.2147,12.4229,13.3994
2023-01-01,19618.7,27.6748,11.9104,10.9572
2023-01-02,24353.5,26.7259,11.6824,13.0053
2023-01-03,26530.31,24.6299,10.375,18.7936
2023-01-04,27044.44,24.1197,9.646,19.4403
2023-01-05,26404.07,24.3553,9.6262,20.115
2023-01-06,22602.04,22.0364,9.5101,22.384
2023-01-07,24597.84,24.6632,8.8814,15.1987
2023-01-08,24191.15,31.7227,9.9865,7.469
2023-01-09,27681.61,28.3603,11.8601,15.1463
2023-01-10,28829.72,27.031,10.9031,17.5417
2023-01-11,29205.72,26.8531,10.3064,16.3524
2023-01-12,29262.39,23.4776,9.9055,21.2082
2023-01-13,29175.69,24.436,9.261,20.4809
2023-01-14,26138.4,25.2014,9.605,18.6199
2023-01-15,24302.43,22.906,9.8292,20.705
2023-01-16,29963.84,24.3789,8.8251,13.9575
2023-01-17,30169.77,24.2599,9.2471,16.4487
2023-01-18,30874.14,17.3604,8.7993,27.1869
2023-01-19,31115.11,18.5433,6.2122,25.4103
2023-01-20,29966.14,22.5285,6.892,21.6107
2023-01-21,26644.58,19.0313,8.1445,26.9819
2023-01-22,25341.24,13.0337,6.3726,38.8906
2023-01-23,30890.58,13.0985,4.1697,33.9279
2023-01-24,32501.15,13.9664,3.93,30.1601
2023-01-25,31995.41,14.932,4.1233,30.7092
2023-01-26,32233.34,15.8628,4.731,29.2952
2023-01-27,31609.86,15.5713,5.1742,34.2794
2023-01-28,28097.0,14.8332,5.0529,35.5154
2023-01-29,26431.77,14.3469,4.5754,34.7453
2023-01-30,31169.62,14.9542,4.4324,39.8347
2023-01-31,31543.64,17.2427,5.2042,38.0916
2023-02-01,31425.34,18.495,6.5286,35.7994
2023-02-02,31154.43,18.725,6.9672,36.2364
2023-02-03,30423.17,19.151,7.253,35.1785
2023-02-04,26512.81,20.0029,7.9111,33.2643
2023-02-05,24518.65,21.004,8.3074,31.6881
2023-02-06,30243.24,19.5885,8.1608,33.5511
2023-02-07,31938.98,19.1647,7.1252,25.5717
2023-02-08,31713.09,21.0193,6.7762,27.013
2023-02-09,31263.4,19.2999,7.4373,33.8845
2023-02-10,31160.4,17.3351,6.9037,38.2439
2023-02-11,27314.81,17.9798,6.5178,38.3902
2023-02-12,25464.58,19.8172,7.0532,35.2183
2023-02-13,30039.93,21.7437,7.7863,33.6621
2023-02-14,30578.19,22.9285,8.5646,26.4189
2023-02-15,30125.73,24.499,9.1008,25.8585
2023-02-16,29784.82,24.0578,9.8061,29.4868
2023-02-17,29275.87,23.9494,9.898,25.8874
2023-02-18,25728.92,25.5483,10.1983,23.103
2023-02-19,23638.52,26.973,10.9316,21.8199
2023-02-20,27689.9,27.9785,11.2787,19.709
2023-02-21,28324.82,28.5284,11.8424,18.7547
2023-02-22,28349.74,27.6207,11.5359,21.1196
2023-02-23,29132.01,22.4663,10.3654,26.902
2023-02-24,29024.03,18.089,8.0294,36.8381
2023-02-25,26243.55,17.8251,6.6782,35.0455
2023-02-26,24586.85,17.8987,6.5354,40.6347
2023-02-27,29954.99,12.6932,6.2032,48.8395
2023-02-28,30248.48,13.4963,4.2325,51.7925
2023-03-01,31041.19,13.6528,4.7329,55.211
2023-03-02,31043.46,15.2154,4.9084,47.957
2023-03-03,30283.51,17.3111,5.9164,46.1887
2023-03-04,26396.33,19.0549,7.1044,44.7813
2023-03-05,25140.64,20.8639,7.9408,33.9122
2023-03-06,29039.96,24.6058,8.6321,26.5437
2023-03-07,28909.93,28.725,9.8003,21.3098
2023-03-08,28459.47,33.6922,11.6195,15.1865
2023-03-09,28178.97,33.0562,13.2994,14.9887
2023-03-10,26994.69,31.8711,13.2372,19.8438
2023-03-11,23756.46,34.5647,13.3972,14.3636
2023-03-12,21806.19,35.4651,14.2769,15.0784
2023-03-13,25911.77,33.237,14.6718,16.8494
2023-03-14,26392.89,27.1888,13.7967,32.1865
2023-03-15,26467.06,28.9052,11.9068,28.0148
2023-03-16,26480.58,30.495,12.9714,21.7964
2023-03-17,26381.69,29.9263,13.3596,23.36
2023-03-18,23720.45,29.0898,12.286,24.853
2023-03-19,21585.7,28.4189,11.8601,31.6474
2023-03-20,25130.08,28.1736,12.0412,29.6371
2023-03-21,26184.86,29.5209,12.6411,26.8153
2023-03-22,25971.07,30.1094,13.1029,22.8417
2023-03-23,25970.7,31.7877,13.627,18.6427
2023-03-24,26119.32,32.0229,14.1007,20.012
2023-03-25,23120.64,32.092,13.69,22.5952
2023-03-26,21403.21,31.1317,13.8379,23.9756
2023-03-27,25180.9,27.2137,13.5278,32.2252
2023-03-28,25766.49,30.1522,12.8876,22.0075
2023-03-29,25558.75,33.2244,14.5422,14.0412
2023-03-30,25198.66,34.2455,15.5135,13.8168
2023-03-31,25079.59,34.1737,15.3788,14.3594
2023-04-01,22305.03,30.8686,14.7146,23.5001
2023-04-02,20457.44,26.4999,12.9723,37.1508
2023-04-03,23960.84,25.775,11.901,36.7499
2023-04-04,24601.26,25.709,11.9066,36.6697
2023-04-05,24152.73,24.9088,11.9752,39.3853
2023-04-06,21236.67,26.442,12.3251,31.1621
2023-04-07,19293.91,28.8995,13.3521,26.6985
2023-04-08,19878.66,31.2666,14.3368,16.6322
2023-04-09,19049.24,33.1863,15.5926,13.3276
2023-04-10,21128.12,34.5722,15.919,11.6053
2023-04-11,23887.51,35.4002,16.0238,12.7257
2023-04-12,24879.75,31.5414,15.5916,21.1888
2023-04-13,24728.54,26.2031,13.5417,37.518
2023-04-14,24920.42,30.7034,12.0467,24.3366
2023-04-15,22273.24,32.5727,13.6943,22.1414
2023-04-16,20295.61,30.3943,14.4799,25.9074
2023-04-17,23895.61,29.621,14.2748,27.6188
2023-04-18,24731.28,30.832,14.2004,25.5515
2023-04-19,24731.84,32.9306,14.5373,17.2591
2023-04-20,24804.9,34.6038,15.5662,12.2087
2023-04-21,24497.48,35.5316,16.1667,11.875
2023-04-22,22008.11,34.2833,15.8033,17.0277
2023-04-23,20132.29,35.2622,14.9991,14.9268
2023-04-24,23979.07,38.0558,15.8285,7.6116
2023-04-25,25003.76,39.8809,17.0538,0.0
2023-04-26,25252.86,41.9024,18.3732,0.0
2023-04-27,25633.87,43.3402,19.3433,0.0
2023-04-28,25236.16,43.5399,20.0739,0.0
2023-04-29,22364.99,43.3613,19.8078,0.0
2023-04-30,20235.64,40.0637,18.5092,2.8013
2023-05-01,19456.36,38.2773,17.5053,3.5125
2023-05-02,23684.05,38.3987,17.7461,0.0
2023-05-03,24992.48,39.0892,18.7825,0.0
2023-05-04,25081.32,38.9855,18.8562,0.877
2023-05-05,25039.31,39.7763,17.9496,0.0
2023-05-06,22143.51,40.8496,18.3434,0.0
2023-05-07,20689.06,40.2722,18.4915,0.0
2023-05-08,24541.15,40.5964,18.3117,0.0
2023-05-09,25494.37,42.278,19.0164,0.0
2023-05-10,25174.8,36.3595,18.7001,6.6193
2023-05-11,24865.57,34.5072,16.8741,13.6
2023-05-12,24459.12,32.315,15.787,20.7586
2023-05-13,21663.15,31.7062,14.8058,21.1572
2023-05-14,20053.8,33.6364,14.7714,15.4532
2023-05-15,23608.03,34.3671,15.7214,12.0375
2023-05-16,24626.64,31.954,16.0688,16.5785
2023-05-17,24390.2,31.7486,15.6385,16.992
2023-05-18,24531.44,32.1676,15.3103,18.5085
2023-05-19,24355.5,32.23,15.0709,19.0793
2023-05-20,21728.09,32.78,14.9772,18.1006
2023-05-21,20119.13,34.8382,15.127,12.4076
2023-05-22,24272.22,37.6331,15.682,8.1857
2023-05-23,24864.41,39.1022,16.1682,7.9063
2023-05-24,24690.01,39.8135,16.4545,5.6883
2023-05-25,24691.1,39.1806,17.0145,5.3557
2023-05-26,24107.49,41.4107,17.2102,3.4037
2023-05-27,21195.43,43.2094,17.6342,0.0
2023-05-28,19522.43,42.6055,18.2968,1.4905
2023-05-29,23491.69,42.309,17.7491,0.7872
2023-05-30,24496.86,42.3669,17.8841,0.5071
2023-05-31,24634.28,43.133,18.0357,0.0
2023-06-01,25272.63,42.9141,18.4494,0.0
2023-06-02,25177.17,44.0101,18.2686,0.0
2023-06-03,22048.81,44.6665,18.55,0.0
2023-06-04,20420.06,45.4254,18.9604,0.0
2023-06-05,24572.22,46.6204,19.6238,0.0
2023-06-06,25625.14,48.3716,20.3089,0.0
2023-06-07,26409.23,48.9245,20.7427,0.0
2023-06-08,26169.02,49.8152,19.9851,0.0
2023-06-09,25625.71,48.7953,20.0294,0.0
2023-06-10,22660.04,49.0883,20.2678,0.0
2023-06-11,21193.82,49.2101,20.8012,0.0
2023-06-12,25477.57,49.011,20.8823,0.0
2023-06-13,26159.18,47.5025,20.5695,0.0
2023-06-14,26361.42,48.0866,19.9703,0.0
2023-06-15,26844.1,49.6227,21.062,0.0
2023-06-16,27174.91,52.6151,22.5392,0.0
2023-06-17,24535.2,53.9577,23.68,0.0
2023-06-18,22360.14,51.7813,23.5562,0.0
2023-06-19,26609.94,52.1378,22.3487,0.0
2023-06-20,27467.97,50.6515,21.878,0.0
2023-06-21,27813.49,50.5444,21.4248,0.0
2023-06-22,27551.66,50.4435,21.4024,0.0
2023-06-23,27437.33,53.3381,22.362,0.0
2023-06-24,24289.07,55.785,23.8767,0.0
2023-06-25,23834.66,57.2963,25.1913,0.0
2023-06-26,29526.18,56.0397,25.7362,0.0
2023-06-27,30369.82,54.411,25.0756,0.0
2023-06-28,30478.73,54.6545,24.6966,0.0
2023-06-29,30228.1,53.4179,24.49,0.0
2023-06-30,28471.6,47.9591,23.4865,0.0
2023-07-01,25082.68,51.9419,22.3549,0.0
2023-07-02,23849.1,55.0283,23.3664,0.0
2023-07-03,28898.66,54.3083,24.4434,0.0
2023-07-04,29339.03,53.0648,24.5179,0.0
2023-07-05,29525.67,51.5127,24.166,0.0
2023-07-06,29685.52,53.3905,23.727,0.0
2023-07-07,29258.93,55.1594,24.1523,0.0
2023-07-08,25664.45,53.3791,24.7244,0.0
2023-07-09,24254.69,54.6208,24.6576,0.0
2023-07-10,30303.87,57.9921,25.5998,0.0
2023-07-11,32064.4,58.3784,26.912,0.0
2023-07-12,31776.29,54.9084,26.718,0.0
2023-07-13,31177.72,54.2268,25.359,0.0
2023-07-14,31238.92,56.7206,25.4311,0.0
2023-07-15,27069.66,53.4785,25.6889,0.0
2023-07-16,24664.4,51.0958,24.3973,0.0
2023-07-17,30406.47,57.3233,24.9184,0.0
2023-07-18,32403.28,58.3092,26.8261,0.0
2023-07-19,32756.56,56.4208,27.4969,0.0
2023-07-20,31955.27,54.176,26.6716,0.0
2023-07-21,30206.93,50.9829,25.3595,0.0
2023-07-22,26290.99,52.2212,24.1409,0.0
2023-07-23,24860.74,54.5985,24.76,0.0
2023-07-24,29017.67,51.6928,25.3487,0.0
2023-07-25,27785.36,47.2472,24.045,0.0
2023-07-26,28484.76,50.2939,23.1434,0.0
2023-07-27,29047.79,53.6335,24.0099,0.0
2023-07-28,28650.47,53.114,24.6291,0.0
2023-07-29,26225.7,55.6794,24.8866,0.0
2023-07-30,24812.45,55.1194,25.527,0.0
2023-07-31,28379.78,53.7833,25.5612,0.0
2023-08-01,29065.84,54.1481,25.5904,0.0
2023-08-02,29687.97,54.9305,25.4011,0.0
2023-08-03,28605.62,49.1131,25.0258,0.0
2023-08-04,26607.12,44.914,22.9171,0.0
2023-08-05,23664.3,46.7287,21.976,0.0
2023-08-06,22843.36,48.6886,23.2969,0.0
2023-08-07,26259.42,50.416,24.1446,0.0
2023-08-08,27649.6,54.9561,24.5426,0.0
2023-08-09,28455.66,58.0844,26.0324,0.0
2023-08-10,28930.07,56.7476,26.8961,0.0
2023-08-11,28542.21,56.955,26.6447,0.0
2023-08-12,26101.55,57.6005,26.7567,0.0
2023-08-13,24286.38,56.2374,26.1248,0.0
2023-08-14,26053.55,54.8634,25.686,0.0
2023-08-15,24234.2,54.8479,25.4056,0.0
2023-08-16,26850.64,55.2568,25.3509,0.0
2023-08-17,27210.0,54.6857,25.4356,0.0
2023-08-18,27181.03,53.6607,25.6611,0.0
2023-08-19,25610.22,56.3816,26.0266,0.0
2023-08-20,25029.94,60.0739,26.8426,0.0
2023-08-21,29678.43,61.2327,27.6727,0.0
2023-08-22,30569.34,60.2136,28.2872,0.0
2023-08-23,31159.23,60.6368,28.6036,0.0
2023-08-24,31311.69,58.7827,28.977,0.0
2023-08-25,30902.23,54.8525,28.1883,0.0
2023-08-26,27170.53,51.5099,26.2126,0.0
2023-08-27,22487.28,43.8254,23.6467,0.0
2023-08-28,25688.16,44.9576,20.9293,0.0
2023-08-29,26563.33,45.7816,21.542,0.0
2023-08-30,26903.18,45.8076,21.8581,0.0
2023-08-31,27064.43,48.1391,21.9135,0.0
2023-09-01,27431.38,50.1173,22.8893,0.0
2023-09-02,23885.12,50.0695,22.8397,0.0
2023-09-03,21882.08,52.7946,21.2149,0.0
2023-09-04,26371.34,54.125,21.7339,0.0
2023-09-05,27237.41,52.5841,22.6898,0.0
2023-09-06,27734.06,53.3137,22.7274,0.0
2023-09-07,28003.71,54.4442,23.1724,0.0
2023-09-08,27102.77,54.3425,23.4239,0.0
2023-09-09,24143.21,54.0203,23.2872,0.0
2023-09-10,22435.8,53.5939,22.9166,0.0
2023-09-11,25940.66,52.0033,22.6982,0.0
2023-09-12,27370.67,51.146,21.967,0.0
2023-09-13,27351.8,50.8529,21.6116,0.0
2023-09-14,27695.5,52.3522,21.8092,0.0
2023-09-15,27336.46,53.5235,22.1921,0.0
2023-09-16,23468.69,52.046,21.6787,0.0
2023-09-17,21906.22,50.1736,21.3062,0.0
2023-09-18,25631.28,46.1781,20.8009,0.0
2023-09-19,26410.44,46.2214,19.9208,0.0
2023-09-20,26111.18,45.7453,20.1178,0.0
2023-09-21,26016.02,43.8576,19.9704,0.0
2023-09-22,25260.44,39.4035,18.7789,1.8666
2023-09-23,22034.88,39.0009,17.744,0.0
2023-09-24,20684.38,41.9211,18.6969,0.0
2023-09-25,24858.74,44.7111,20.3288,0.0
2023-09-26,26112.7,46.0808,21.0421,0.0
2023-09-27,26519.79,47.2088,21.0469,0.0
2023-09-28,26712.74,47.9455,21.448,0.0
2023-09-29,26591.25,49.2829,21.9359,0.0
2023-09-30,23561.13,50.1254,22.3596,0.0
2023-10-01,21891.17,49.4025,23.0088,0.0
2023-10-02,26227.99,49.0622,23.2663,0.0
2023-10-03,26883.76,48.6946,22.5442,0.0
2023-10-04,26985.81,48.3357,21.6562,0.0
2023-10-05,26945.81,47.218,21.5829,0.0
2023-10-06,27085.39,46.8277,22.1584,0.0
2023-10-07,23744.11,46.8762,22.3614,0.0
2023-10-08,21947.6,46.4896,22.4338,0.0
2023-10-09,25502.92,45.9486,22.2015,0.0
2023-10-10,26313.74,45.1241,21.6569,0.0
2023-10-11,26066.75,44.548,21.3731,0.0
2023-10-12,21957.32,44.5946,21.3555,0.0
2023-10-13,23449.55,43.8843,21.3348,0.0
2023-10-14,22086.13,43.8459,20.502,0.0
2023-10-15,20675.55,42.9297,19.1862,0.0
2023-10-16,25322.06,44.7691,18.6656,0.0
2023-10-17,26440.45,48.1308,19.3144,0.0
2023-10-18,26509.04,47.7808,20.3161,0.0
2023-10-19,26921.45,45.2876,19.5082,0.0
2023-10-20,25625.27,35.1138,17.7196,8.4092
2023-10-21,22074.0,32.2856,15.073,12.9948
2023-10-22,21181.26,35.1215,14.5537,6.6498
2023-10-23,25446.28,38.0067,15.4088,6.1614
2023-10-24,25688.78,35.2181,15.2912,9.8824
2023-10-25,26289.62,41.3686,15.2104,2.9753
2023-10-26,26871.3,42.8238,16.8194,2.017
2023-10-27,26308.85,36.8347,16.6484,7.428
2023-10-28,23185.5,37.9901,15.3694,6.2561
2023-10-29,21684.4,38.3581,15.7753,5.5933
2023-10-30,25604.45,35.1493,15.5072,9.0456
2023-10-31,26404.36,32.1004,14.4776,9.6008
2023-11-01,22925.91,35.8865,14.025,7.6946
2023-11-02,26348.81,35.0434,14.8403,7.8089
2023-11-03,26664.99,29.5722,14.1399,13.9439
2023-11-04,24029.76,34.9225,12.6842,8.7406
2023-11-05,21879.31,30.6705,14.0632,14.5583
2023-11-06,26274.39,26.6959,12.615,19.9897
2023-11-07,27185.61,25.0096,10.979,22.9325
2023-11-08,27795.01,27.6663,10.5749,16.5426
2023-11-09,27424.43,30.9203,11.8206,13.779
2023-11-10,27227.82,31.8331,12.8577,12.6894
2023-11-11,24178.83,38.1209,13.3521,6.5593
2023-11-12,22039.69,38.9101,15.1659,6.0075
2023-11-13,26229.51,39.1857,15.7005,5.2832
2023-11-14,26643.33,37.6873,15.9128,6.2
2023-11-15,27006.08,37.2298,15.6213,7.4909
2023-11-16,27175.25,37.1344,15.2956,6.6571
2023-11-17,26650.88,34.7818,15.0921,10.0677
2023-11-18,23567.77,34.8085,14.4541,9.2608
2023-11-19,21776.53,34.4903,14.7355,8.4599
2023-11-20,26283.67,32.5939,14.6556,10.4567
2023-11-21,27028.11,28.5545,13.1527,15.4278
2023-11-22,27488.99,26.2697,11.4009,18.6704
2023-11-23,27877.5,22.9743,10.6824,23.0725
2023-11-24,27944.35,24.6256,9.9451,20.3535
2023-11-25,24775.64,25.8091,10.572,18.9995
2023-11-26,23418.74,24.7153,10.8252,18.987
2023-11-27,28209.62,27.6653,10.6955,13.9257
2023-11-28,28925.13,31.2049,11.2881,10.3488
2023-11-29,28808.74,34.3304,12.2601,8.3687
2023-11-30,28473.22,35.0647,13.2541,5.9607
2023-12-01,28245.02,27.1361,12.9955,12.1556
2023-12-02,25145.76,21.8894,10.1918,22.185
2023-12-03,24340.18,20.6009,8.3793,22.9693
2023-12-04,29129.6,25.2475,8.4233,12.4365
2023-12-05,29555.63,23.0132,9.6067,15.3586
2023-12-06,26399.12,23.2493,8.8351,15.0466
2023-12-07,27382.98,27.6503,9.451,10.5348
2023-12-08,24752.7,28.2943,10.6953,12.8587
2023-12-09,24558.67,30.6437,11.1727,10.5396
2023-12-10,23427.03,33.7554,12.2024,8.9189
2023-12-11,27824.31,32.4237,13.2263,8.9853
2023-12-12,28663.88,32.4005,13.4349,7.5936
2023-12-13,28899.62,27.8711,12.7722,11.7064
2023-12-14,29031.99,23.0715,10.4728,20.8331
2023-12-15,29053.22,24.3646,9.1845,20.2913
2023-12-16,26057.4,21.851,9.3665,23.0679
2023-12-17,25040.77,20.5591,8.671,22.4464
2023-12-18,29802.83,19.9624,8.4446,21.9683
2023-12-19,30246.92,19.5795,8.2483,22.1248
2023-12-20,30443.22,22.6303,8.2155,17.9927
2023-12-21,29529.98,24.8177,8.8148,18.696
2023-12-22,28058.21,25.1033,9.5302,19.4352
2023-12-23,24868.49,24.0225,9.6873,20.9868
2023-12-24,23146.59,22.4346,9.2452,21.2483
2023-12-25,21521.61,21.0768,8.9596,22.0608
2023-12-26,25647.39,19.9523,8.7416,21.5884
2023-12-27,27300.06,19.8543,8.3287,20.327
2023-12-28,27765.41,22.4342,8.4523,14.2093
2023-12-29,27336.8,24.9967,9.4811,10.8928
2023-12-30,24482.67,25.2304,10.2487,17.5631
2023-12-31,23444.11,25.1602,10.0131,14.5131
2024-01-01,21473.62,23.2757,9.5997,19.282
2024-01-02,27255.77,26.2329,9.3239,12.2788
2024-01-03,28207.6,30.5338,10.6229,10.3655
2024-01-04,28480.19,28.7768,11.6405,10.6685
2024-01-05,27139.53,23.2447,10.4167,16.3691
2024-01-06,23739.9,19.843,8.3433,23.9224
2024-01-07,24632.13,17.6744,7.1633,27.8812
2024-01-08,30639.12,16.3672,6.3676,26.2131
2024-01-09,32035.04,18.4052,6.0543,17.9963
2024-01-10,32217.67,21.2876,6.7656,14.8614
2024-01-11,31673.35,18.8258,7.1452,22.4817
2024-01-12,31573.79,18.0267,6.4121,27.0881
2024-01-13,28007.66,22.0364,6.7949,17.8647
2024-01-14,25659.87,27.6502,9.2043,11.713
2024-01-15,30238.42,32.257,11.3705,7.5577
2024-01-16,30253.59,33.1002,12.5253,6.901
2024-01-17,29686.13,32.1953,13.0373,9.4674
2024-01-18,29224.7,30.7789,12.7052,11.0549
2024-01-19,30412.48,22.5934,11.2372,15.9587
2024-01-20,26647.24,17.6647,7.9012,29.4626
2024-01-21,24929.57,21.1974,6.669,26.4351
2024-01-22,29476.99,24.2894,8.327,21.669
2024-01-23,29690.09,29.4762,9.8789,17.2648
2024-01-24,29216.44,30.925,11.908,15.3177
2024-01-25,28924.66,30.3995,12.911,13.8771
2024-01-26,28514.07,29.8278,13.2916,13.2932
2024-01-27,24887.75,29.5276,12.9911,14.1381
2024-01-28,23267.26,28.3511,12.5143,16.0886
2024-01-29,28069.52,28.1809,11.67,14.7122
2024-01-30,28961.89,27.407,11.3339,17.357
2024-01-31,29132.82,26.5768,10.9085,19.521
2024-02-01,28587.27,26.006,10.61,20.1415
2024-02-02,28200.27,26.3643,10.4251,22.3965
2024-02-03,25001.29,25.2595,10.4447,24.2589
2024-02-04,23400.09,25.378,10.4999,22.3672
2024-02-05,28300.42,25.4222,11.0953,19.1767
2024-02-06,28862.47,25.8867,11.1354,20.2795
2024-02-07,29233.53,27.2342,10.6937,18.4627
2024-02-08,29557.35,27.9474,10.8992,12.2654
2024-02-09,29506.0,30.0722,11.5906,9.4368
2024-02-10,25614.57,24.5293,11.2505,23.0214
2024-02-11,24688.63,23.2783,9.5262,19.0731
2024-02-12,27878.46,30.7028,9.5591,17.8828
2024-02-13,27882.19,31.9315,12.1806,16.6089
2024-02-14,28069.27,33.3978,12.8666,12.4991
2024-02-15,28526.72,32.7187,13.4074,9.3692
2024-02-16,27954.53,28.4484,12.8142,18.6078
2024-02-17,24030.01,26.4558,11.1113,27.0216
2024-02-18,22664.18,27.7123,10.9957,22.5015
2024-02-19,26733.06,29.2703,11.7361,22.2074
2024-02-20,27314.06,26.6959,11.8743,25.93
2024-02-21,28031.33,27.1033,11.663,20.3189
2024-02-22,28188.62,29.7692,12.0033,15.8892
2024-02-23,27892.19,21.936,11.4747,30.9673
2024-02-24,25338.74,21.5943,8.5236,32.0569
2024-02-25,24248.28,28.0075,8.8574,15.8241
2024-02-26,28394.06,24.5755,10.6099,23.4906
2024-02-27,28878.89,20.3645,9.3325,35.379
2024-02-28,28231.14,21.6333,8.1457,37.7988
2024-02-29,28422.14,24.2399,8.8526,32.5562
2024-03-01,28189.33,22.0204,9.4236,36.2564
2024-03-02,25831.62,23.6872,8.8372,23.7838
2024-03-03,23836.43,20.5169,8.7271,38.7117
2024-03-04,28896.12,25.2144,8.1517,26.3868
2024-03-05,28287.34,23.5047,9.6617,38.7217
2024-03-06,28597.98,23.5686,9.527,40.0254
2024-03-07,29071.4,25.5585,9.8584,25.094
2024-03-08,28974.57,23.5847,9.9809,29.1898
2024-03-09,26621.13,23.7464,9.2134,22.0465
2024-03-10,23897.21,24.8994,9.1137,30.2001
2024-03-11,27888.57,24.6902,9.7316,35.2804
2024-03-12,27943.52,25.8988,10.0454,37.2471
2024-03-13,28001.02,27.7365,11.0097,30.9749
2024-03-14,28023.87,31.0067,12.1091,23.3537
2024-03-15,27350.13,33.0721,12.863,21.0073
2024-03-16,24043.02,34.2563,13.5605,16.7311
2024-03-17,22227.75,35.4916,14.5279,10.9963
2024-03-18,25613.99,35.7453,15.4553,10.393
2024-03-19,25445.32,36.0789,15.5141,10.1683
2024-03-20,26286.67,35.4282,15.5373,12.8062
2024-03-21,26543.49,36.1381,14.9048,10.7727
2024-03-22,26417.22,36.6831,15.377,7.737
2024-03-23,22680.83,33.1699,15.9111,14.9993
2024-03-24,21306.29,30.7627,14.3159,16.906
2024-03-25,26696.67,30.2449,12.9382,17.1866
2024-03-26,27261.28,22.4919,11.2803,33.2969
2024-03-27,26867.98,26.573,9.1823,28.4581
2024-03-28,23679.65,30.255,11.084,21.4909
2024-03-29,22038.49,27.4275,12.1133,24.2495
2024-03-30,22615.71,25.7666,10.8663,30.9828
2024-03-31,22213.06,25.8698,10.1111,26.3004
2024-04-01,23214.25,25.219,10.1686,40.973
2024-04-02,26922.01,27.8245,10.5609,27.6581
2024-04-03,26714.19,32.3022,11.9693,25.3949
2024-04-04,26149.0,34.137,13.7687,19.0705
2024-04-05,25676.91,35.4681,14.9695,10.6897
2024-04-06,22841.36,37.2239,16.1452,5.059
2024-04-07,21485.59,37.7699,16.5167,7.4825
2024-04-08,25178.79,33.1459,15.7285,18.1704
2024-04-09,25286.41,25.6167,13.4342,44.1352
2024-04-10,25635.6,28.3475,11.5815,33.8332
2024-04-11,25591.08,32.3432,13.1907,22.4077
2024-04-12,25575.98,34.3441,14.9882,12.6992
2024-04-13,22447.41,36.525,16.3969,4.2057
2024-04-14,20693.34,38.4326,17.4271,2.7996
2024-04-15,25043.31,37.2583,17.3492,9.1112
2024-04-16,25641.99,34.5146,16.2281,17.192
2024-04-17,25348.94,31.8,15.0524,26.4005
2024-04-18,25519.95,30.8937,13.9199,28.7866
2024-04-19,25764.4,30.5841,13.584,27.6462
2024-04-20,22713.48,31.1908,13.8942,23.3221
2024-04-21,20817.08,29.1935,13.9,31.6209
2024-04-22,24875.52,25.9044,13.0101,42.427
2024-04-23,25811.79,24.4945,11.615,44.1533
2024-04-24,26146.12,25.9751,11.1083,40.6337
2024-04-25,26908.9,28.948,12.0589,27.825
2024-04-26,26336.65,30.4727,12.7518,26.6203
2024-04-27,23627.4,30.1804,12.7803,25.5458
2024-04-28,21885.72,27.9415,12.47,30.815
2024-04-29,26186.09,28.4522,12.0202,28.8016
2024-04-30,25854.13,30.6349,12.2974,27.0833
2024-05-01,21718.73,27.6169,12.7866,33.6453
2024-05-02,24539.08,26.172,11.5698,43.064
2024-05-03,25268.69,29.6941,11.8559,30.5535
2024-05-04,22804.4,35.4479,13.7924,13.8271
2024-05-05,21502.2,38.0055,15.8774,9.7437
2024-05-06,25188.7,35.326,15.9218,16.9254
2024-05-07,25324.39,34.1708,15.0294,21.9697
2024-05-08,25732.82,35.1723,15.0939,16.8115
2024-05-09,25753.45,37.2004,16.0354,5.7982
2024-05-10,25265.85,39.5436,17.4435,0.0
2024-05-11,22425.7,40.8393,18.4272,0.0
2024-05-12,20842.69,41.4018,18.3036,0.5168
2024-05-13,25193.45,41.2111,17.8846,1.342
2024-05-14,25900.94,35.0704,17.2857,16.7416
2024-05-15,25503.4,31.0008,15.0618,27.7486
2024-05-16,25777.43,31.9432,13.9198,23.6353
2024-05-17,25428.73,35.3343,14.4277,17.0388
2024-05-18,22616.6,35.188,15.2749,17.2145
2024-05-19,21036.16,35.5405,15.3793,15.5169
2024-05-20,24699.18,34.9648,15.3027,17.8891
2024-05-21,25428.85,35.0463,15.265,16.9434
2024-05-22,25644.27,35.2441,15.4555,16.2159
2024-05-23,25634.15,36.2709,15.7938,11.6303
2024-05-24,25462.38,38.9952,16.5192,3.8514
2024-05-25,22665.45,41.2609,17.7175,0.0
2024-05-26,20876.04,43.0918,18.704,0.0
2024-05-27,25471.88,42.0253,18.887,0.0
2024-05-28,26304.48,43.2753,18.8323,0.0
2024-05-29,26895.99,46.0182,19.6073,0.0
2024-05-30,26866.47,46.4749,20.7063,0.0
2024-05-31,26579.59,41.943,20.5434,0.0
2024-06-01,23391.36,41.2298,18.9796,0.0
2024-06-02,21636.81,41.6351,18.4392,0.0
2024-06-03,25943.75,43.7389,18.7932,0.0
2024-06-04,26474.8,45.9374,19.6753,0.0
2024-06-05,27128.83,48.6525,20.8285,0.0
2024-06-06,27691.43,50.1014,22.1207,0.0
2024-06-07,27633.97,50.0999,22.5045,0.0
2024-06-08,24189.52,47.1927,21.9531,0.0
2024-06-09,21678.66,43.888,19.9868,0.0
2024-06-10,25834.05,42.1167,18.6826,0.0
2024-06-11,26180.27,41.599,18.2356,0.0
2024-06-12,25975.82,40.3003,18.0233,1.0039
2024-06-13,25363.76,42.1425,18.1237,0.0
2024-06-14,26269.99,46.3317,19.5513,0.0
2024-06-15,23151.52,43.0533,20.7161,0.0
2024-06-16,21246.02,44.5174,19.8697,0.0
2024-06-17,26430.46,47.4165,20.4381,0.0
2024-06-18,27246.43,47.293,21.0752,0.0
2024-06-19,26839.56,43.9772,20.2783,0.0
2024-06-20,26476.82,42.3723,19.0896,0.0
2024-06-21,25903.86,43.6311,18.6836,0.0
2024-06-22,23541.91,45.1102,19.9823,0.0
2024-06-23,21796.2,48.4369,20.9357,0.0
2024-06-24,25257.19,50.5719,21.6949,0.0
2024-06-25,28021.48,52.7711,22.544,0.0
2024-06-26,28286.94,52.5062,23.2763,0.0
2024-06-27,28235.84,52.1755,22.8187,0.0
2024-06-28,27942.86,50.8917,22.2781,0.0
2024-06-29,24600.29,48.0041,21.3383,0.0
2024-06-30,22701.33,47.118,20.4264,0.0
2024-07-01,26411.89,47.414,20.6585,0.0
2024-07-02,27303.5,47.4735,20.9878,0.0
2024-07-03,28132.74,47.8031,21.8052,0.0
2024-07-04,29124.36,51.3523,23.0606,0.0
2024-07-05,29322.09,53.815,24.189,0.0
2024-07-06,25554.43,48.8597,23.9721,0.0
2024-07-07,23015.18,45.3957,21.6711,0.0
2024-07-08,27425.78,49.2896,21.4152,0.0
2024-07-09,28676.19,51.6759,22.7729,0.0
2024-07-10,29736.55,55.0852,23.4441,0.0
2024-07-11,30704.79,57.8794,24.6026,0.0
2024-07-12,30263.58,51.4369,25.0329,0.0
2024-07-13,26109.94,49.0432,23.2794,0.0
2024-07-14,24016.57,49.9239,22.9851,0.0
2024-07-15,29078.0,51.1965,23.5728,0.0
2024-07-16,29751.5,49.9252,23.5613,0.0
2024-07-17,30161.12,53.4742,23.5629,0.0
2024-07-18,30989.2,56.3065,24.7294,0.0
2024-07-19,31172.83,57.5082,26.1026,0.0
2024-07-20,27729.92,55.7586,26.5932,0.0
2024-07-21,24756.83,49.7624,25.2902,0.0
2024-07-22,28941.94,50.3189,23.4656,0.0
2024-07-23,30600.63,55.7606,24.4507,0.0
2024-07-24,31499.88,58.3339,26.2984,0.0
2024-07-25,30150.06,57.3075,26.8018,0.0
2024-07-26,30179.14,56.9446,26.1087,0.0
2024-07-27,27440.83,58.4307,25.6707,0.0
2024-07-28,25972.24,60.6,26.2521,0.0
2024-07-29,31053.36,61.2036,27.098,0.0
2024-07-30,31973.29,60.6396,27.7922,0.0
2024-07-31,31615.39,59.8186,27.8023,0.0
2024-08-01,31854.35,58.554,27.3528,0.0
2024-08-02,30786.02,55.3557,26.4782,0.0
2024-08-03,26994.2,54.1057,25.2082,0.0
2024-08-04,25699.23,56.1399,25.3756,0.0
2024-08-05,29374.13,57.4745,26.3047,0.0
2024-08-06,29798.73,57.6174,26.7638,0.0
2024-08-07,29903.66,57.9182,26.4976,0.0
2024-08-08,29936.17,57.7941,26.4897,0.0
2024-08-09,29915.45,58.6911,26.6627,0.0
2024-08-10,27600.01,60.82,27.143,0.0
2024-08-11,25928.41,60.8414,27.9467,0.0
2024-08-12,29062.3,58.9492,27.8012,0.0
2024-08-13,28617.67,54.7746,26.0868,0.0
2024-08-14,27104.81,51.5969,24.1448,0.0
2024-08-15,23822.41,49.2979,23.1664,0.0
2024-08-16,25276.11,51.7683,23.3332,0.0
2024-08-17,25076.94,54.5265,24.7496,0.0
2024-08-18,24260.44,55.3465,25.3433,0.0
2024-08-19,27494.46,52.5056,25.1296,0.0
2024-08-20,28501.11,52.7776,24.76,0.0
2024-08-21,28873.82,55.5907,24.9104,0.0
2024-08-22,29009.42,54.961,25.1069,0.0
2024-08-23,28887.98,54.9762,25.3791,0.0
2024-08-24,26638.53,55.6167,25.4874,0.0
2024-08-25,24820.72,53.3698,25.1114,0.0
2024-08-26,28631.17,53.0252,24.0717,0.0
2024-08-27,29817.9,53.767,24.3138,0.0
2024-08-28,30259.24,56.102,25.1108,0.0
2024-08-29,29923.4,56.8016,24.9573,0.0
2024-08-30,29284.55,57.7122,24.1299,0.0
2024-08-31,26173.78,57.1153,24.3832,0.0
2024-09-01,24328.99,56.0852,24.1471,0.0
2024-09-02,28972.4,54.3902,23.7542,0.0
2024-09-03,29091.82,51.309,23.2122,0.0
2024-09-04,27973.53,48.4141,21.8768,0.0
2024-09-05,27568.4,44.8803,20.8422,0.0
2024-09-06,27532.61,44.5435,20.2915,0.0
2024-09-07,24268.73,44.5181,20.369,0.0
2024-09-08,22485.0,45.3157,20.7401,0.0
2024-09-09,26345.97,45.536,20.6712,0.0
2024-09-10,27296.82,45.0111,20.7498,0.0
2024-09-11,26772.11,44.691,20.7074,0.0
2024-09-12,27576.44,44.563,20.3646,0.0
2024-09-13,26491.2,40.4361,19.9949,0.0
2024-09-14,23419.0,39.7826,18.9936,0.0
2024-09-15,21784.54,39.5647,19.2405,0.0
2024-09-16,26346.12,39.7926,19.8164,0.0
2024-09-17,26941.5,41.9161,19.8662,0.0
2024-09-18,27111.47,45.3981,19.3855,0.0
2024-09-19,27141.45,46.5575,19.7496,0.0
2024-09-20,26727.12,47.617,19.7449,0.0
2024-09-21,23611.63,47.482,19.7359,0.0
2024-09-22,21759.56,45.1573,19.4278,0.0
2024-09-23,25497.25,41.8872,19.0795,0.0
2024-09-24,25981.27,40.6503,18.5619,0.0
2024-09-25,27070.34,47.4523,18.7332,0.0
2024-09-26,27679.35,49.3696,20.0447,0.0
2024-09-27,26556.21,39.0669,19.7625,2.9058
2024-09-28,22865.69,34.6547,17.1289,9.3122
2024-09-29,21261.88,39.1161,16.6065,0.0
2024-09-30,25505.04,43.3909,18.6057,0.0
2024-10-01,26668.66,45.0695,19.7774,0.0
2024-10-02,27386.64,47.6134,19.7102,0.0
2024-10-03,26980.29,42.6961,19.3382,0.0
2024-10-04,26314.52,40.4942,18.1542,1.1098
2024-10-05,23490.17,44.4831,18.016,0.0
2024-10-06,22390.8,47.9412,19.3033,0.0
2024-10-07,26949.89,45.8556,19.9562,0.0
2024-10-08,26759.55,41.8143,18.8459,1.0111
2024-10-09,26667.92,44.9884,17.8916,0.0
2024-10-10,26179.8,38.25,18.2447,5.8811
2024-10-11,25907.28,39.0546,16.521,3.9084
2024-10-12,22927.72,46.7145,17.1534,0.0
2024-10-13,21308.09,47.1844,18.5814,0.0
2024-10-14,26094.74,47.9924,19.2244,0.0
2024-10-15,26971.25,47.5641,19.3975,0.0
2024-10-16,26994.49,47.5807,18.8141,0.0
2024-10-17,26603.43,38.035,18.172,7.0364
2024-10-18,26018.55,34.8131,15.481,11.6224
2024-10-19,22799.92,38.9074,14.9106,5.6564
2024-10-20,21346.35,41.3108,16.5212,1.4491
2024-10-21,25282.02,40.8948,17.5325,2.5608
2024-10-22,26296.76,40.4457,17.1799,4.5261
2024-10-23,26189.04,41.1847,16.6018,4.4911
2024-10-24,26176.81,42.0983,16.7601,2.9987
2024-10-25,26502.36,37.7065,16.7143,6.2448
2024-10-26,23092.89,30.4889,14.6949,14.1326
2024-10-27,21844.23,29.7401,12.3337,13.5867
2024-10-28,26198.83,34.9706,12.4126,9.765
2024-10-29,27487.71,40.5297,14.4632,4.1961
2024-10-30,26900.48,39.6666,15.9076,4.9913
2024-10-31,26084.24,40.0038,15.8962,5.1079
2024-11-01,22414.41,39.7533,15.9127,5.911
2024-11-02,22140.61,38.7724,15.7438,7.4444
2024-11-03,21341.98,38.9961,15.4726,6.9488
2024-11-04,25320.94,40.1632,15.664,5.4065
2024-11-05,26305.1,40.727,16.0753,4.3423
2024-11-06,26387.89,39.9231,16.3363,5.8293
2024-11-07,26452.97,38.8049,15.9486,6.998
2024-11-08,26521.58,38.3878,15.4691,5.9106
2024-11-09,23281.15,36.8213,15.0835,7.9665
2024-11-10,21757.96,35.1785,14.6333,9.7939
2024-11-11,25943.54,33.9685,14.1272,11.2909
2024-11-12,27241.63,28.8425,13.4569,16.053
2024-11-13,28512.56,27.9608,11.6845,12.6153
2024-11-14,27881.07,33.6846,11.4337,9.4641
2024-11-15,27688.32,34.1203,13.4196,9.7086
2024-11-16,24305.47,35.0001,13.7123,8.7924
2024-11-17,22604.04,34.4645,14.0511,8.6965
2024-11-18,26751.3,33.7413,14.0848,9.4932
2024-11-19,27362.93,34.2708,14.0203,9.3503
2024-11-20,27521.26,33.3025,13.665,10.511
2024-11-21,28246.66,32.844,13.2482,8.5725
2024-11-22,27821.8,28.7037,12.991,14.3354
2024-11-23,24585.2,31.7005,12.1331,11.8887
2024-11-24,23045.98,34.5153,13.2161,6.7811
2024-11-25,27294.75,33.8287,14.3441,7.2662
2024-11-26,28309.8,28.9828,13.3814,12.5394
2024-11-27,28431.66,28.5397,11.7719,15.0774
2024-11-28,28686.39,29.2025,11.8937,15.2118
2024-11-29,28139.06,32.5422,12.4236,9.8227
2024-11-30,24778.38,33.6428,13.6808,8.9558
2024-12-01,23552.05,32.9956,13.9257,7.941
2024-12-02,27652.78,32.4609,13.5364,8.9665
2024-12-03,28390.82,30.4404,12.8755,10.8993
2024-12-04,28566.57,27.0886,11.7451,15.1671
2024-12-05,28550.9,27.5366,10.959,14.502
2024-12-06,24691.23,33.0466,11.8281,9.8012
2024-12-07,24297.17,29.3655,13.0135,13.1451
2024-12-08,23952.41,21.3353,11.2739,20.4011
2024-12-09,28516.33,19.7723,8.3392,21.8708
2024-12-10,30746.6,18.7003,7.3094,22.6977
2024-12-11,31929.27,18.6059,6.8415,20.7105
2024-12-12,31305.73,20.8955,6.7888,19.6413
2024-12-13,30884.6,22.426,7.7154,18.6969
2024-12-14,27416.51,21.6014,8.3689,20.7869
2024-12-15,26103.86,20.8925,8.0847,22.9245
2024-12-16,30545.01,20.7537,7.9508,24.6023
2024-12-17,31211.16,22.3102,8.3356,17.3985
2024-12-18,30609.83,26.7419,9.7999,12.6412
2024-12-19,30073.68,28.9915,11.5896,10.1337
2024-12-20,29164.82,21.9737,10.9087,22.5118
2024-12-21,26315.65,22.2554,8.3723,21.4104
2024-12-22,24921.53,24.4803,8.6518,18.2788
2024-12-23,26891.04,22.3094,9.5,21.4129
2024-12-24,25032.5,24.8296,8.9249,18.9168
2024-12-25,21397.43,26.6813,9.7257,16.9087
2024-12-26,25102.75,25.4941,10.3668,16.329
2024-12-27,26328.04,23.3912,9.8179,19.2886
2024-12-28,25052.6,21.5025,8.9161,21.139
2024-12-29,24205.25,20.4319,8.3217,22.1589
2024-12-30,27021.33,20.0325,7.8259,22.285
2024-12-31,25993.9,19.5821,7.5821,21.0618
2025-01-01,22697.38,20.5639,7.3718,21.406
2025-01-02,27722.1,21.2105,7.6619,20.0838
2025-01-03,28655.94,22.5086,8.1526,16.776
2025-01-04,26016.74,24.8743,8.8435,16.0854
2025-01-05,24568.22,27.2024,9.9954,10.1009
2025-01-06,23529.27,25.5621,10.6276,13.2741
2025-01-07,29532.47,22.8192,9.5839,18.8326
2025-01-08,30671.67,27.5651,9.1739,12.688
2025-01-09,29962.51,29.9685,11.1073,12.6501
2025-01-10,29680.33,29.9303,11.6168,12.7325
2025-01-11,26073.95,30.6381,11.5846,12.3941
2025-01-12,24364.38,21.0775,11.0302,24.7932
2025-01-13,30157.56,14.5437,7.7262,34.7461
2025-01-14,31912.23,14.6474,5.3288,34.1272
2025-01-15,32492.57,15.1286,5.6231,33.4902
2025-01-16,32795.58,18.2011,6.2473,26.3291
2025-01-17,32178.28,19.1728,6.7244,27.6165
2025-01-18,28198.76,18.7247,6.9438,27.8814
2025-01-19,26791.71,18.4485,7.225,27.1828
2025-01-20,32065.53,23.3952,7.452,15.9092
2025-01-21,32121.04,28.3417,9.0952,12.3781
2025-01-22,30943.8,29.5679,11.0008,10.9829
2025-01-23,30041.44,28.5201,11.548,16.5901
2025-01-24,29766.15,29.2094,11.2479,14.2217
2025-01-25,26691.06,28.1888,11.356,14.2339
2025-01-26,25313.64,29.1806,10.8394,11.597
2025-01-27,29474.76,32.5103,11.4819,9.9527
2025-01-28,30576.58,23.7075,12.2038,19.1614
2025-01-29,31776.09,23.1187,9.3311,15.9324
2025-01-30,31165.57,21.5441,8.5733,25.487
2025-01-31,30318.1,19.2855,8.0248,33.07
2025-02-01,27002.07,20.7285,7.4848,28.8586
2025-02-02,25636.95,21.2678,7.8062,26.3703
2025-02-03,30323.75,21.3366,7.9271,28.5756
2025-02-04,30770.52,21.2202,8.2163,30.3264
2025-02-05,30792.09,21.169,8.529,32.5187
2025-02-06,30990.4,20.3614,8.3975,32.3684
2025-02-07,31351.04,21.3779,8.1268,24.8167
2025-02-08,26908.45,21.6429,7.9946,29.5693
2025-02-09,25177.0,25.2488,8.5622,23.7017
2025-02-10,29856.05,26.9404,9.89,20.3738
2025-02-11,30149.31,26.6556,10.3366,22.0331
2025-02-12,30327.38,26.3417,10.3721,21.0295
2025-02-13,29568.85,25.4939,10.0972,24.7883
2025-02-14,28773.14,27.6262,10.3268,23.7733
2025-02-15,26008.87,26.9861,11.3109,21.5253
2025-02-16,23886.81,27.9419,11.3027,20.6226
2025-02-17,28101.85,28.1492,11.6041,23.4333
2025-02-18,29135.49,29.1665,11.4445,18.1587
2025-02-19,28721.32,30.7472,11.8405,18.6154
2025-02-20,28619.74,30.8399,12.2985,18.2829
2025-02-21,28996.92,29.8233,12.2304,15.0467
2025-02-22,25469.53,27.5161,11.5471,20.9804
2025-02-23,23600.95,25.8826,10.7212,28.8604
2025-02-24,28249.93,26.6718,10.6503,22.9801
2025-02-25,29338.93,26.6554,10.8721,21.8466
2025-02-26,28617.11,22.753,10.3749,38.4569
2025-02-27,29365.51,24.2531,9.5805,25.5347
2025-02-28,28591.07,25.059,10.0896,25.2063
2025-03-01,26049.19,23.1081,9.7161,24.9417
2025-03-02,25333.69,22.7334,8.793,24.8057
2025-03-03,29534.17,27.442,8.8077,21.9402
2025-03-04,29225.17,29.1777,10.62,17.3291
2025-03-05,29442.39,29.5169,11.4218,18.2422
2025-03-06,29462.04,30.5791,11.5668,16.8471
2025-03-07,29586.06,30.4109,11.9278,17.0473
2025-03-08,26215.19,29.5793,11.7373,15.9071
2025-03-09,24347.76,24.7281,11.1863,30.7874
2025-03-10,28952.74,26.3157,9.7621,28.9883
2025-03-11,29475.09,28.8606,10.4589,23.3961
2025-03-12,29080.78,26.4741,10.9994,25.7632
2025-03-13,30082.9,25.1677,10.1635,25.3505
2025-03-14,29889.28,21.0074,9.2524,37.0326
2025-03-15,25882.11,19.2348,7.8249,44.372
2025-03-16,25045.64,21.3051,7.6828,37.6666
2025-03-17,29932.09,24.2548,8.4793,30.7687
2025-03-18,30083.56,28.2081,9.7153,23.9114
2025-03-19,28501.92,31.1544,11.2021,23.0408
2025-03-20,28735.76,32.1993,12.5464,16.3517
2025-03-21,28606.22,30.1547,12.9274,20.3388
2025-03-22,25360.61,25.7609,11.6397,28.5604
2025-03-23,24633.91,23.2171,9.8774,36.7878
2025-03-24,28877.88,24.8802,9.0794,36.4471
2025-03-25,28715.16,27.0487,9.9586,31.9871
2025-03-26,28016.07,26.9355,10.8964,34.64
2025-03-27,27634.97,27.4603,11.154,34.5496
2025-03-28,26669.48,27.1828,11.342,36.7781
2025-03-29,23175.61,25.6838,11.3668,41.2223
2025-03-30,21465.72,24.8176,11.1558,44.6525
2025-03-31,25690.25,29.521,11.5341,28.7033
2025-04-01,26135.27,31.653,13.5868,23.563
2025-04-02,27446.05,31.6853,13.7203,23.0571
2025-04-03,27999.77,31.2608,12.7688,19.2443
2025-04-04,27613.78,33.2295,12.8128,18.9604
2025-04-05,23704.3,31.814,13.4181,25.1099
2025-04-06,21820.83,32.7436,13.2517,23.6013
2025-04-07,25569.36,34.2229,13.8529,20.1859
2025-04-08,25835.54,35.0416,14.8919,15.0505
2025-04-09,25834.2,36.0333,15.7102,12.928
2025-04-10,25964.16,36.378,15.841,13.1738
2025-04-11,26618.88,35.7818,15.3664,12.0886
2025-04-12,23996.9,36.9044,14.6797,10.5296
2025-04-13,22001.6,35.8539,14.5401,15.1758
2025-04-14,25496.9,33.5825,14.1848,19.9719
2025-04-15,26216.04,26.5036,12.9821,31.8503
2025-04-16,25690.15,24.6665,10.6426,44.0083
2025-04-17,22698.82,29.9001,10.6582,32.2
2025-04-18,21103.78,33.9104,12.7504,19.7665
2025-04-19,21480.0,28.0678,13.5847,32.9863
2025-04-20,21098.93,27.4064,11.5387,32.7023
2025-04-21,23098.86,30.6324,11.6294,29.7026
2025-04-22,25871.17,32.1076,12.8685,26.3322
2025-04-23,25204.25,33.5741,13.5913,23.3148
2025-04-24,25205.21,36.8863,14.7606,12.6974
2025-04-25,25501.46,38.3539,16.2666,8.3551
2025-04-26,22253.29,35.2076,16.2739,20.43
2025-04-27,20629.19,33.3999,14.7112,24.8705
2025-04-28,15512.23,35.262,14.6072,18.9423
2025-04-29,21358.38,36.798,15.5082,13.6802
2025-04-30,24643.8,37.3758,15.798,12.0067
2025-05-01,20511.1,38.0803,15.7581,10.9501
2025-05-02,22395.26,39.5292,16.1611,7.3579
2025-05-03,21637.22,38.7715,16.2532,10.747
2025-05-04,20459.72,36.6581,15.9335,15.5017
2025-05-05,24759.86,34.1976,14.9064,20.2931
2025-05-06,25046.57,30.7699,14.098,29.143
2025-05-07,25334.76,32.5907,13.5034,24.6074
2025-05-08,25999.38,34.0079,14.1402,19.5193
2025-05-09,25804.85,34.9778,14.3425,18.0855
2025-05-10,22563.66,35.8943,14.6972,16.394
2025-05-11,20565.59,33.4959,14.6152,22.6472
2025-05-12,24554.89,33.1464,14.2942,23.068
2025-05-13,25560.8,34.8871,14.5703,17.2435
2025-05-14,26026.75,35.9003,14.9027,17.0026
2025-05-15,25385.73,35.6446,14.9567,17.1871
2025-05-16,24805.53,36.8288,15.2669,12.9581
2025-05-17,21960.29,38.8177,16.5481,3.5203
2025-05-18,20500.18,41.4484,17.7333,0.0
2025-05-19,24934.97,38.7937,18.1423,8.0533
2025-05-20,25081.24,39.3747,16.777,5.5893
2025-05-21,25627.02,40.3505,17.3705,1.1647
2025-05-22,25574.97,38.9107,17.7135,5.7112
2025-05-23,25229.27,37.1198,17.02,11.6446
2025-05-24,22039.57,37.6392,16.4664,5.3769
2025-05-25,20812.8,41.2573,17.6972,0.0
2025-05-26,25163.79,43.2837,19.1811,0.0
2025-05-27,25998.93,43.5309,19.522,0.0
2025-05-28,26771.31,45.9329,20.2204,0.0
2025-05-29,27584.86,49.2805,21.579,0.0
2025-05-30,28063.1,51.1288,22.9589,0.0
2025-05-31,24951.27,51.8389,23.5421,0.0
2025-06-01,23297.78,50.3398,23.0411,0.0
2025-06-02,27494.68,47.547,21.7518,0.0
2025-06-03,27422.0,44.3197,20.184,0.0
2025-06-04,27009.04,42.7876,19.0615,0.0
2025-06-05,27154.74,45.0406,18.9461,0.0
2025-06-06,27341.56,46.9087,20.3034,0.0
2025-06-07,24345.07,46.7172,20.9513,0.0
2025-06-08,22800.45,48.9015,21.3582,0.0
2025-06-09,27690.74,51.5938,22.1618,0.0
2025-06-10,29359.4,54.4225,22.695,0.0
2025-06-11,29079.38,53.2526,23.2182,0.0
2025-06-12,28495.97,49.7877,22.6862,0.0
2025-06-13,28833.19,52.853,22.1012,0.0
2025-06-14,25699.74,52.3182,22.9639,0.0
2025-06-15,24057.99,51.8887,22.7679,0.0
2025-06-16,29451.05,53.9504,22.9202,0.0
2025-06-17,30925.73,55.9427,23.9662,0.0
2025-06-18,31219.02,56.443,24.922,0.0
2025-06-19,31268.93,56.1041,25.4442,0.0
2025-06-20,31198.58,57.0747,25.6232,0.0
2025-06-21,27853.69,56.9357,26.0847,0.0
2025-06-22,25858.25,56.632,25.6693,0.0
2025-06-23,29893.1,56.0764,25.319,0.0
2025-06-24,29327.26,55.4106,25.1296,0.0
2025-06-25,30144.42,52.219,24.6479,0.0
2025-06-26,30698.38,52.7315,23.7257,0.0
2025-06-27,31563.14,56.4245,24.3732,0.0
2025-06-28,28760.0,58.4316,25.8871,0.0
2025-06-29,27579.52,59.7131,27.1347,0.0
2025-06-30,32811.55,59.0543,27.8806,0.0
2025-07-01,33575.25,59.8709,27.8112,0.0
2025-07-02,33697.98,60.2036,27.3111,0.0
2025-07-03,33345.31,59.801,26.3806,0.0
2025-07-04,32717.32,59.4533,25.9633,0.0
2025-07-05,28890.63,57.8473,26.0118,0.0
2025-07-06,26611.02,56.2045,25.7092,0.0
2025-07-07,31021.48,54.6374,25.0949,0.0
2025-07-08,30631.46,52.8893,24.4373,0.0
2025-07-09,31546.37,55.6107,24.2951,0.0
2025-07-10,31406.66,55.4144,24.9878,0.0
2025-07-11,30477.28,53.5813,25.18,0.0
2025-07-12,25781.76,52.1029,24.049,0.0
2025-07-13,23507.72,52.5482,23.0761,0.0
2025-07-14,29505.55,55.3671,24.0506,0.0
2025-07-15,30796.91,55.3948,25.0486,0.0
2025-07-16,31750.63,56.3491,25.5246,0.0
2025-07-17,32642.44,56.1527,26.445,0.0
2025-07-18,31749.02,53.6393,26.4161,0.0
2025-07-19,27019.85,50.8979,24.9901,0.0
2025-07-20,24857.87,49.8717,23.7569,0.0
2025-07-21,29081.27,47.6549,23.3889,0.0
2025-07-22,29820.5,51.3428,23.1805,0.0
2025-07-23,30506.86,50.2048,23.9618,0.0
2025-07-24,28710.27,48.819,22.9403,0.0
2025-07-25,26518.03,48.6457,22.1602,0.0
2025-07-26,24535.35,49.3906,22.4327,0.0
2025-07-27,23687.96,51.0462,23.4589,0.0
2025-07-28,28183.26,51.0271,24.2716,0.0
2025-07-29,28178.41,49.7197,23.8057,0.0
2025-07-30,28554.54,51.2952,23.1644,0.0
2025-07-31,28592.14,52.8695,23.6843,0.0
2025-08-01,28421.4,53.0585,24.2451,0.0
2025-08-02,25416.82,52.8662,24.1986,0.0
2025-08-03,24306.88,52.6297,24.6607,0.0
2025-08-04,28689.41,54.7945,25.2046,0.0
2025-08-05,29200.36,55.2113,25.9715,0.0
2025-08-06,29363.07,53.8376,26.0382,0.0
2025-08-07,29416.94,56.1683,26.1027,0.0
2025-08-08,29343.85,57.4949,26.7763,0.0
2025-08-09,26884.85,57.634,26.8583,0.0
2025-08-10,25565.06,58.6341,27.1769,0.0
2025-08-11,29795.44,58.7053,27.828,0.0
2025-08-12,30544.28,58.6941,28.5279,0.0
2025-08-13,30350.42,58.3489,28.3354,0.0
2025-08-14,29646.42,58.3018,27.4111,0.0
2025-08-15,26853.23,58.3609,27.6462,0.0
2025-08-16,27391.36,57.9804,28.5045,0.0
2025-08-17,26826.26,57.902,28.6688,0.0
2025-08-18,30484.82,55.2682,28.3481,0.0
2025-08-19,29301.43,53.1688,26.0584,0.0
2025-08-20,27582.57,49.5318,23.966,0.0
2025-08-21,27025.69,48.4547,22.6901,0.0
2025-08-22,26795.46,49.0524,22.5893,0.0
2025-08-23,24946.14,50.876,23.1534,0.0
2025-08-24,23921.82,53.2263,24.0957,0.0
2025-08-25,28478.83,55.6286,25.1786,0.0
2025-08-26,29734.8,56.0236,25.5979,0.0
2025-08-27,29934.41,53.9501,25.3162,0.0
2025-08-28,28110.1,46.5776,23.6198,0.0
2025-08-29,26913.09,45.73,21.7455,0.0
2025-08-30,24744.02,50.5872,21.8671,0.0
2025-08-31,23359.88,48.9052,23.0265,0.0
2025-09-01,26392.88,41.9485,21.8068,0.0
2025-09-02,27058.59,42.5835,20.1725,0.0
2025-09-03,27949.55,46.7957,21.1582,0.0
2025-09-04,28497.6,46.075,22.4991,0.0
2025-09-05,28230.61,48.3252,22.0046,0.0
2025-09-06,25300.86,52.931,22.8236,0.0
2025-09-07,24474.32,51.9018,23.8958,0.0
2025-09-08,28306.28,49.071,22.8407,0.0
2025-09-09,28008.64,43.8656,21.6163,0.0
2025-09-10,27626.04,46.0147,20.2106,0.0
2025-09-11,27176.66,47.6936,20.7442,0.0
2025-09-12,27818.53,47.7493,21.5307,0.0
2025-09-13,25017.38,47.662,21.9741,0.0
2025-09-14,23516.29,50.3637,22.3195,0.0
2025-09-15,28625.39,51.326,22.8685,0.0
2025-09-16,29683.78,49.9473,22.9183,0.0
2025-09-17,30169.04,49.7311,23.1601,0.0
2025-09-18,30213.63,50.6565,24.1315,0.0
2025-09-19,29814.21,52.7687,24.5927,0.0
2025-09-20,26028.42,51.6391,24.0266,0.0
2025-09-21,23402.45,43.1046,22.3574,0.0
2025-09-22,25513.87,36.0296,19.2586,3.2665
2025-09-23,25940.25,35.6548,17.2664,4.7406
2025-09-24,25853.31,35.7528,17.0117,5.1332
2025-09-25,26548.93,36.9886,17.1088,0.7827
2025-09-26,26469.46,36.9605,17.985,0.0
2025-09-27,23504.12,38.4894,18.7396,0.0
2025-09-28,21983.17,43.6316,19.3454,0.0
2025-09-29,25633.58,43.4937,19.0646,0.0
2025-09-30,26361.09,43.1045,18.4935,0.0
2025-10-01,26358.12,42.7933,18.8056,0.0
2025-10-02,26679.85,41.7217,19.3015,0.0
2025-10-03,26873.16,41.665,19.8104,0.0
2025-10-04,23781.07,43.6744,20.071,0.0
2025-10-05,21477.59,39.9193,19.7401,0.0
2025-10-06,26000.69,40.4169,18.2871,0.0
2025-10-07,26597.45,42.8841,18.7617,0.0
2025-10-08,26814.67,42.8792,19.8339,0.0
2025-10-09,26115.1,42.2667,19.1582,0.0
2025-10-10,25692.84,41.1497,18.201,0.8839
2025-10-11,22845.1,42.477,17.8617,0.0
2025-10-12,21262.88,44.1223,18.4039,0.0
2025-10-13,25157.27,45.2745,18.987,0.0
2025-10-14,26747.59,44.0299,19.2332,0.0
2025-10-15,26705.86,42.4116,18.9794,0.0
2025-10-16,27011.67,41.6886,18.6576,0.0
2025-10-17,26630.39,41.1496,18.4659,0.0
2025-10-18,23107.85,40.4518,18.3595,0.0
2025-10-19,21521.2,41.1076,18.3967,0.0
2025-10-20,25750.35,41.6549,18.1622,0.9836
2025-10-21,26530.54,45.3933,17.8593,0.0
2025-10-22,26679.64,46.5842,18.6708,0.0
2025-10-23,26440.76,41.0512,18.8436,0.2603
2025-10-24,26508.21,39.9679,17.791,2.3712
2025-10-25,23602.97,41.3363,17.2781,1.6555
2025-10-26,21808.55,35.3859,16.8964,8.0295
2025-10-27,25729.22,33.1401,14.9508,11.2451
2025-10-28,26733.44,35.2826,14.8477,7.0621
2025-10-29,27190.59,40.6978,15.7241,3.3922
2025-10-30,26769.2,37.8047,16.1209,6.2246
2025-10-31,26314.2,38.5863,15.8573,4.3933
